date,Amazon.com Inc.,Baidu Inc.,Apple Inc.,Alibaba Group Holding Limited,Facebook Inc.,Twitter Inc.
2019-11-08,1783.1,124.5,259.8,187.1,190.6,29.2
2019-11-07,1784.4,122.0,259.1,186.6,190.2,29.0
2019-11-06,1794.5,107.3,257.0,184.0,191.4,29.5
2019-11-05,1802.2,108.2,257.0,181.7,194.3,29.8
2019-11-04,1804.4,109.5,257.3,179.9,194.5,30.0
2019-11-01,1789.3,104.6,255.8,176.4,193.5,29.6
2019-10-31,1774.5,101.8,248.9,176.5,191.3,29.9
2019-10-30,1779.6,102.8,243.1,177.8,188.9,29.8
2019-10-29,1762.0,102.8,243.2,177.0,189.4,29.9
2019-10-28,1776.4,104.9,249.0,178.9,189.4,30.1
2019-10-25,1761.4,103.8,246.5,174.6,187.9,30.3
2019-10-24,1780.4,103.7,243.5,172.3,186.5,30.8
2019-10-23,1762.4,104.2,243.1,169.6,186.2,38.8
2019-10-22,1765.9,103.6,240.1,169.8,182.0,38.8
2019-10-21,1783.9,104.3,240.5,173.5,189.7,40.1
2019-10-18,1757.6,103.7,236.9,169.1,185.9,39.0
2019-10-17,1787.7,107.5,235.3,176.8,190.4,39.6
2019-10-16,1778.2,108.2,234.4,177.1,189.6,39.9
2019-10-15,1774.1,107.7,235.8,175.5,189.3,40.3
2019-10-14,1737.0,105.4,236.1,171.1,183.4,39.8
2019-10-11,1733.0,104.6,236.4,173.0,184.5,40.4
2019-10-10,1719.8,103.9,230.3,166.0,180.2,39.5
2019-10-09,1722.8,99.8,226.9,165.4,179.9,39.5
2019-10-08,1705.9,99.4,224.6,161.7,178.0,39.8
2019-10-07,1734.8,101.6,227.3,168.6,180.1,40.8
2019-10-04,1738.9,104.4,227.0,170.4,180.7,40.3
2019-10-03,1723.8,104.3,220.3,169.5,179.3,40.1
2019-10-02,1714.3,102.7,219.0,166.3,174.7,39.7
2019-10-01,1737.0,102.0,224.5,165.2,175.9,40.2
2019-09-30,1735.6,102.8,223.9,167.1,178.0,41.1
2019-09-27,1725.2,101.1,218.6,165.8,176.8,41.2
2019-09-26,1737.1,105.0,219.7,175.3,180.0,42.4
2019-09-25,1770.3,102.9,221.4,176.9,182.8,42.5
2019-09-24,1740.6,97.6,218.0,171.8,181.2,41.4
2019-09-23,1786.5,102.3,218.9,177.6,186.9,43.4
2019-09-20,1794.3,105.4,218.1,182.6,189.9,43.2
2019-09-19,1821.1,107.8,221.0,180.8,190.0,42.9
2019-09-18,1817.1,108.4,222.6,180.0,188.2,43.2
2019-09-17,1822.8,108.9,220.6,178.8,188.3,43.2
2019-09-16,1807.0,110.9,219.9,176.6,186.2,42.8
2019-09-13,1837.5,110.5,218.4,179.1,187.1,42.6
2019-09-12,1845.4,111.4,223.1,178.1,187.5,43.2
2019-09-11,1820.9,111.8,223.3,175.9,188.0,43.2
2019-09-10,1816.5,110.2,216.0,174.5,185.6,43.2
2019-09-09,1831.8,105.1,214.3,177.8,188.8,44.3
2019-09-06,1833.3,102.6,213.1,176.5,187.4,45.4
2019-09-05,1841.7,104.0,213.2,178.8,190.8,45.3
2019-09-04,1800.3,102.6,209.1,174.2,187.0,43.4
2019-09-03,1791.9,102.5,205.7,172.3,182.5,41.9
2019-09-02,1775.5,104.4,208.7,175.0,185.3,42.7
2019-08-30,1774.9,104.4,208.2,174.9,185.5,42.6
2019-08-29,1784.1,104.8,208.7,172.6,185.4,42.5
2019-08-28,1764.1,103.6,205.4,167.6,181.6,41.7
2019-08-27,1760.1,103.8,204.2,166.4,181.6,42.0
2019-08-26,1765.6,103.6,205.8,165.6,180.0,41.3
2019-08-23,1747.8,101.6,202.2,164.3,177.8,40.9
2019-08-22,1808.0,105.6,212.4,172.0,182.1,42.2
2019-08-21,1822.7,107.8,212.6,175.3,183.5,42.8
2019-08-20,1804.8,108.6,210.6,177.0,184.4,42.3
2019-08-19,1818.6,104.5,210.6,178.3,186.3,41.7
2019-08-16,1793.1,96.8,206.7,174.9,183.9,40.6
2019-08-15,1778.6,94.4,202.0,167.2,182.9,40.2
2019-08-14,1766.0,95.0,202.9,162.2,180.0,40.7
2019-08-13,1824.6,97.4,209.0,164.2,188.1,41.8
2019-08-12,1786.7,95.1,200.7,159.3,185.6,40.5
2019-08-09,1810.2,97.4,201.0,159.4,188.1,41.5
2019-08-08,1831.7,99.8,203.3,161.9,190.2,42.0
2019-08-07,1797.6,99.3,199.3,159.4,185.5,41.8
2019-08-06,1789.0,99.5,197.0,158.0,184.6,41.3
2019-08-05,1771.5,100.3,193.6,153.8,182.4,40.5
2019-08-02,1822.3,107.8,203.7,160.5,189.1,43.0
2019-08-01,1856.4,109.2,207.8,165.4,192.8,42.1
2019-07-31,1870.4,111.7,213.1,173.2,194.5,42.4
2019-07-30,1896.9,112.7,208.4,174.1,196.9,41.1
2019-07-29,1913.3,113.5,209.8,177.3,196.0,41.5
2019-07-26,1941.1,114.0,207.8,178.5,199.6,41.5
2019-07-25,1979.5,114.4,206.8,177.2,200.2,38.0
2019-07-24,2000.2,116.3,208.4,178.3,204.5,38.7
2019-07-23,1994.0,115.0,208.5,178.6,202.2,37.8
2019-07-22,1986.8,112.0,207.0,173.9,202.5,37.6
2019-07-19,1964.7,112.2,202.4,173.3,198.4,36.8
2019-07-18,1977.5,111.7,205.5,172.9,200.6,37.7
2019-07-17,1993.4,113.6,203.4,175.0,202.0,37.7
2019-07-16,2009.6,114.3,204.5,174.2,204.0,38.1
2019-07-15,2020.8,115.7,205.1,173.5,204.6,38.8
2019-07-12,2010.3,114.8,203.4,169.5,202.3,37.9
2019-07-11,2004.0,114.8,202.5,166.4,200.9,37.1
2019-07-10,2019.1,114.2,203.3,167.4,202.1,37.5
2019-07-09,1985.7,114.6,200.9,168.6,198.9,37.5
2019-07-08,1954.7,113.2,200.0,168.7,196.3,36.5
2019-07-05,1942.8,116.1,204.6,173.4,196.8,36.2
2019-07-04,1938.8,118.4,204.4,174.7,197.2,36.0
2019-07-03,1938.8,118.4,204.4,174.7,197.2,36.0
2019-07-02,1925.3,119.0,202.5,175.4,194.7,36.1
2019-07-01,1920.8,118.2,201.8,175.1,193.6,36.2
2019-06-28,1886.9,117.0,197.6,168.7,191.9,34.8
2019-06-27,1905.0,116.0,200.0,171.2,189.2,34.8
2019-06-26,1896.6,115.8,200.1,169.4,187.7,35.3
2019-06-25,1878.0,113.1,196.0,165.3,188.8,34.7
2019-06-24,1912.2,116.6,199.1,168.0,192.7,35.6
2019-06-21,1912.8,116.2,199.8,167.2,191.5,35.2
2019-06-20,1916.7,118.3,199.6,168.1,189.2,35.5
2019-06-19,1909.7,117.2,198.1,165.2,186.5,36.2
2019-06-18,1904.4,117.0,198.4,166.2,188.6,36.7
2019-06-17,1884.4,114.3,193.9,160.3,188.4,36.5
2019-06-14,1871.4,112.6,193.3,158.3,181.4,36.3
2019-06-13,1869.5,114.0,194.3,160.1,177.0,36.3
2019-06-12,1855.3,113.1,194.2,160.0,175.0,37.5
2019-06-11,1863.7,115.4,194.8,162.6,178.1,37.2
2019-06-10,1860.6,111.8,192.6,159.8,174.8,37.6
2019-06-07,1804.0,109.8,190.2,154.2,173.4,37.9
2019-06-06,1754.4,108.9,185.2,151.5,168.3,36.6
2019-06-05,1738.5,109.1,182.5,151.6,168.2,36.3
2019-06-04,1729.6,111.4,179.6,154.2,167.5,36.1
2019-06-03,1692.7,107.8,173.3,149.9,164.2,34.4
2019-05-31,1775.1,110.0,175.1,149.3,177.5,36.4
2019-05-30,1816.3,111.8,178.3,151.1,183.0,37.1
2019-05-29,1819.2,113.0,177.4,152.5,182.2,36.8
2019-05-28,1836.4,114.1,178.2,154.8,184.3,37.3
2019-05-24,1823.3,114.5,179.0,155.0,181.1,37.4
2019-05-23,1815.5,113.5,179.7,156.0,180.9,37.2
2019-05-22,1859.7,118.4,182.8,158.8,185.3,38.6
2019-05-21,1857.5,120.5,186.6,163.4,184.8,37.5
2019-05-20,1859.0,117.6,183.1,160.6,182.7,37.2
2019-05-17,1869.0,128.3,189.0,169.6,185.3,37.5
2019-05-16,1907.6,153.7,190.1,175.6,187.0,38.3
2019-05-15,1871.2,152.5,190.9,177.6,186.3,37.9
2019-05-14,1840.1,152.4,188.7,174.8,180.7,36.9
2019-05-13,1822.7,151.5,185.7,170.0,181.5,36.6
2019-05-10,1890.0,156.8,197.2,178.0,188.3,38.4
2019-05-09,1899.9,158.7,200.0,179.0,188.6,38.8
2019-05-08,1917.8,159.6,202.1,179.6,189.5,38.6
2019-05-07,1921.0,162.1,202.1,181.4,189.8,38.6
2019-05-06,1950.6,164.5,207.7,188.2,193.9,40.2
2019-05-03,1962.5,167.0,210.9,195.2,195.5,40.8
2019-05-02,1900.8,166.2,208.3,190.4,192.5,40.0
2019-05-01,1911.5,165.4,209.7,189.3,193.0,39.3
2019-04-30,1926.5,166.2,199.9,185.6,193.4,39.9
2019-04-29,1938.4,165.8,203.8,186.9,194.8,39.8
2019-04-26,1950.6,166.1,203.5,187.1,191.5,38.7
2019-04-25,1902.2,167.9,204.5,187.9,193.3,38.5
2019-04-24,1901.8,169.3,206.4,185.7,182.6,39.3
2019-04-23,1923.8,173.3,206.7,187.3,183.8,39.8
2019-04-22,1887.3,169.4,203.7,185.4,181.4,34.4
2019-04-18,1861.7,171.0,203.1,186.9,178.3,34.4
2019-04-17,1864.8,170.3,202.4,187.6,178.8,34.5
2019-04-16,1863.0,170.3,198.5,185.8,178.9,34.5
2019-04-15,1844.9,168.7,198.5,183.1,179.6,34.7
2019-04-12,1843.1,173.1,198.1,188.9,179.1,34.4
2019-04-11,1844.1,171.2,198.2,185.0,177.5,34.6
2019-04-10,1847.3,177.0,199.9,186.2,177.8,34.8
2019-04-09,1835.8,181.0,198.7,187.2,177.6,35.1
2019-04-08,1849.9,184.8,199.3,186.5,174.9,34.9
2019-04-05,1837.3,181.6,196.2,185.4,175.7,34.7
2019-04-04,1818.9,179.1,194.9,181.1,176.0,34.4
2019-04-03,1820.7,174.9,194.6,178.3,173.5,34.4
2019-04-02,1814.0,171.0,193.3,181.7,174.2,33.8
2019-04-01,1814.2,170.4,190.5,180.9,168.7,33.4
2019-03-29,1780.8,164.8,189.2,182.4,166.7,32.9
2019-03-28,1773.4,164.1,188.0,177.7,165.6,32.9
2019-03-27,1765.7,164.3,187.7,177.0,165.9,32.3
2019-03-26,1783.8,167.2,186.1,178.1,167.7,33.1
2019-03-25,1774.3,166.9,188.0,178.8,166.3,32.6
2019-03-22,1764.8,166.7,190.3,176.3,164.3,33.0
2019-03-21,1819.3,171.8,194.3,181.5,166.1,32.6
2019-03-20,1797.3,170.2,187.4,181.3,165.4,32.6
2019-03-19,1761.8,170.7,185.8,182.1,161.6,31.3
2019-03-18,1742.2,171.2,187.3,181.8,160.5,31.1
2019-03-15,1712.4,170.5,185.4,181.0,166.0,31.2
2019-03-14,1686.2,167.7,183.0,180.4,170.2,31.0
2019-03-13,1690.8,168.2,181.0,180.7,173.4,31.3
2019-03-12,1673.1,167.0,180.2,180.6,171.9,31.2
2019-03-11,1670.6,167.0,178.2,180.4,172.1,30.9
2019-03-08,1620.8,163.6,172.2,175.0,169.6,30.0
2019-03-07,1626.0,165.7,171.8,177.3,169.1,30.1
2019-03-06,1669.0,170.2,173.9,184.2,172.5,30.8
2019-03-05,1692.4,167.7,174.9,185.0,171.3,31.0
2019-03-04,1696.2,160.9,175.2,187.2,167.4,30.5
2019-03-01,1671.7,162.1,174.3,183.9,162.3,30.6
2019-02-28,1639.8,162.5,172.5,183.0,161.4,30.8
2019-02-27,1641.1,162.2,174.2,184.6,162.8,30.4
2019-02-26,1636.4,162.0,173.7,183.5,164.1,31.0
2019-02-25,1633.0,165.0,173.6,183.2,164.6,32.0
2019-02-22,1631.6,167.2,172.3,176.9,161.9,31.7
2019-02-21,1619.4,171.8,170.4,171.7,160.0,30.8
2019-02-20,1622.1,171.2,171.4,170.7,162.6,31.4
2019-02-19,1627.6,172.4,170.3,170.2,162.3,31.6
2019-02-15,1608.0,170.1,169.8,166.2,162.5,31.2
2019-02-14,1622.6,174.1,170.1,168.4,164.0,31.0
2019-02-13,1640.0,173.8,169.5,169.4,164.1,31.1
2019-02-12,1638.0,170.2,170.2,168.7,165.0,30.4
2019-02-11,1591.0,168.1,168.8,167.4,165.8,30.2
2019-02-08,1588.2,169.9,169.8,167.4,167.3,30.0
2019-02-07,1614.4,171.6,169.6,167.0,166.4,30.8
2019-02-06,1640.3,173.8,172.8,171.5,170.5,34.2
2019-02-05,1658.8,176.2,172.8,171.8,171.2,34.4
2019-02-04,1633.3,173.9,169.9,166.7,169.2,33.9
2019-02-01,1626.2,171.3,165.2,168.0,165.7,33.2
2019-01-31,1718.7,172.6,165.1,168.5,166.7,33.6
2019-01-30,1670.4,169.3,163.9,166.8,150.4,32.3
2019-01-29,1593.9,165.3,153.4,156.9,144.2,31.6
2019-01-28,1637.9,167.5,155.0,158.9,147.5,33.1
2019-01-25,1670.6,167.1,156.5,159.2,149.0,32.9
2019-01-24,1654.9,162.7,151.5,155.9,145.8,31.6
2019-01-23,1640.0,163.3,152.7,152.0,144.3,31.0
2019-01-22,1632.2,160.4,152.1,152.2,147.6,32.2
2019-01-18,1696.2,171.4,155.6,157.0,150.0,33.3
2019-01-17,1693.2,168.1,154.6,156.0,148.3,32.8
2019-01-16,1683.8,169.8,153.7,154.8,147.5,32.5
2019-01-15,1674.6,167.9,151.8,150.9,149.0,33.0
2019-01-14,1617.2,163.0,148.8,149.3,145.4,32.4
2019-01-11,1640.6,166.1,151.1,151.3,143.8,32.9
2019-01-10,1656.2,168.4,152.6,151.7,144.2,33.1
2019-01-09,1659.4,166.6,152.1,151.9,144.2,32.2
2019-01-08,1656.6,163.4,149.5,146.8,142.5,31.8
2019-01-07,1629.5,162.6,146.7,143.1,138.0,31.3
2019-01-04,1575.4,161.0,147.1,139.8,138.0,30.0
2019-01-03,1500.3,154.7,141.0,130.6,131.7,28.0
2019-01-02,1539.1,162.2,156.6,136.7,135.7,28.8
2018-12-31,1502.0,158.6,156.5,137.1,131.1,28.7
2018-12-28,1478.0,162.2,155.0,139.1,133.2,28.4
2018-12-27,1461.6,161.6,154.9,138.4,134.5,28.7
2018-12-26,1470.9,163.0,155.9,138.0,134.2,28.7
2018-12-24,1344.0,157.1,145.6,131.9,124.1,26.4
2018-12-21,1377.4,157.4,149.5,132.0,125.0,27.3
2018-12-20,1460.8,160.4,155.6,135.1,133.4,29.3
2018-12-19,1495.1,162.5,159.6,137.1,133.2,32.9
2018-12-18,1551.5,167.6,164.7,140.8,143.7,33.7
2018-12-17,1520.9,169.9,162.6,144.0,140.2,33.4
2018-12-14,1591.9,177.5,164.1,149.0,144.1,35.9
2018-12-13,1658.4,179.9,169.6,151.5,145.0,35.9
2018-12-12,1663.5,179.8,167.7,151.5,144.5,36.2
2018-12-11,1643.2,176.8,167.3,151.8,142.1,34.4
2018-12-10,1641.0,179.2,168.2,151.4,141.8,33.4
2018-12-07,1629.1,179.6,167.1,153.1,137.4,32.8
2018-12-06,1699.2,180.7,173.3,155.8,139.6,33.0
2018-12-04,1668.4,182.7,175.3,158.3,137.9,32.6
2018-12-03,1772.4,191.3,183.3,163.7,141.1,33.7
2018-11-30,1690.2,188.3,177.1,160.9,140.6,31.4
2018-11-29,1673.6,183.2,178.1,156.3,138.7,31.3
2018-11-28,1677.8,188.4,179.5,159.3,136.8,32.7
2018-11-27,1581.4,182.8,172.8,156.5,135.0,32.6
2018-11-26,1581.3,185.2,173.2,156.0,136.4,32.8
2018-11-23,1502.1,182.6,170.9,150.3,131.7,31.1
2018-11-21,1516.7,184.0,175.3,149.4,134.8,31.6
2018-11-20,1495.5,177.5,175.5,146.0,132.4,31.1
2018-11-19,1512.3,183.1,184.4,149.5,131.6,32.0
2018-11-16,1593.4,187.0,192.0,154.1,139.5,33.7
2018-11-15,1619.4,188.4,189.9,156.2,143.8,33.2
2018-11-14,1599.0,185.1,185.3,150.4,144.2,32.9
2018-11-13,1631.2,183.3,190.7,147.0,142.2,32.5
2018-11-12,1636.8,180.4,192.6,142.8,141.6,32.0
2018-11-09,1712.4,183.8,202.8,144.8,145.0,34.1
2018-11-08,1754.9,188.6,206.8,149.0,147.9,34.2
2018-11-07,1755.5,195.4,207.5,152.5,151.5,35.0
2018-11-06,1642.8,192.4,201.4,147.4,149.9,34.4
2018-11-05,1627.8,190.6,199.3,144.6,148.7,34.0
2018-11-02,1665.5,194.7,205.1,147.6,150.4,34.3
2018-11-01,1665.5,201.5,219.7,151.2,151.8,34.6
2018-10-31,1598.0,190.1,216.3,142.3,151.8,34.8
2018-10-30,1530.4,183.4,210.8,136.3,146.2,33.9
2018-10-29,1538.9,181.8,209.8,133.4,142.1,32.4
2018-10-26,1642.8,188.5,213.8,142.9,145.4,32.4
2018-10-25,1782.2,190.4,217.3,144.6,151.0,31.8
2018-10-24,1664.2,184.5,212.6,139.6,146.0,27.5
2018-10-23,1768.7,193.4,220.2,146.6,154.4,28.8
2018-10-22,1789.3,196.2,218.1,148.8,154.8,29.2
2018-10-19,1764.0,191.9,216.8,142.9,154.0,28.8
2018-10-18,1770.7,191.9,213.5,142.0,154.9,29.3
2018-10-17,1831.7,200.7,218.6,148.1,159.4,29.6
2018-10-16,1820.0,203.2,219.6,149.6,158.8,29.9
2018-10-15,1761.0,200.1,214.9,144.2,153.5,28.6
2018-10-12,1788.6,204.4,219.5,147.3,153.7,28.0
2018-10-11,1719.4,198.0,212.0,141.9,153.4,27.0
2018-10-10,1755.2,194.3,213.9,138.3,151.4,26.8
2018-10-09,1870.3,200.8,224.3,146.9,157.9,29.3
2018-10-08,1864.4,204.0,221.2,151.1,157.2,28.4
2018-10-05,1889.6,205.6,221.7,154.6,157.3,28.4
2018-10-04,1909.4,210.1,225.4,156.1,158.8,28.2
2018-10-03,1952.8,216.4,229.4,162.4,162.4,29.0
2018-10-02,1971.3,218.9,226.6,160.2,159.3,28.2
2018-10-01,2004.4,227.4,224.6,162.0,162.4,28.3
2018-09-28,2003.0,228.7,223.1,164.8,164.5,28.5
2018-09-27,2013.0,230.5,222.4,166.3,168.8,29.4
2018-09-26,1974.8,228.4,217.9,165.4,167.0,29.0
2018-09-25,1974.6,226.6,219.6,164.2,164.9,29.1
2018-09-24,1934.4,226.6,218.2,163.2,165.4,28.6
2018-09-21,1915.0,228.8,215.1,164.6,162.9,28.5
2018-09-20,1944.3,230.6,217.5,165.9,166.0,29.8
2018-09-19,1926.4,226.4,215.9,162.6,163.1,29.5
2018-09-18,1941.0,216.9,215.7,156.6,160.3,29.2
2018-09-17,1908.0,217.7,215.4,158.9,160.6,28.9
2018-09-14,1970.2,220.0,221.3,164.7,162.3,30.1
2018-09-13,1989.9,222.4,223.8,165.5,161.4,30.4
2018-09-12,1990.0,218.7,218.5,161.5,162.0,29.8
2018-09-11,1987.2,216.1,221.3,157.5,165.9,30.9
2018-09-10,1939.0,213.6,215.8,156.4,164.2,30.5
2018-09-07,1952.1,216.0,218.7,162.4,163.0,30.5
2018-09-06,1958.3,215.0,220.5,159.9,162.5,30.8
2018-09-05,1994.8,216.2,224.3,164.2,167.2,32.7
2018-09-04,2039.5,222.2,225.7,170.4,171.2,34.8
2018-08-31,2012.7,226.5,225.0,175.0,175.7,35.2
2018-08-30,2002.4,224.2,222.4,174.6,177.6,35.6
2018-08-29,1998.1,225.9,220.4,178.5,175.9,35.4
2018-08-28,1932.8,225.7,217.2,178.2,176.3,35.5
2018-08-27,1927.7,228.6,215.4,180.6,177.5,35.9
2018-08-24,1905.4,224.4,213.7,174.2,174.6,34.3
2018-08-23,1902.9,219.3,213.0,172.2,172.9,33.9
2018-08-22,1904.9,223.0,212.6,177.8,173.6,33.8
2018-08-21,1883.4,223.1,212.6,177.9,172.6,33.7
2018-08-20,1876.7,223.7,213.0,176.3,172.5,32.6
2018-08-17,1882.2,222.7,215.1,172.8,173.8,32.7
2018-08-16,1886.5,217.3,210.9,172.0,174.7,32.8
2018-08-15,1882.6,213.5,207.8,169.8,179.5,32.4
2018-08-14,1919.6,216.2,207.3,172.5,181.1,33.2
2018-08-13,1896.2,217.6,206.5,177.7,180.0,32.8
2018-08-10,1886.3,220.1,205.1,180.0,180.3,32.0
2018-08-09,1898.5,219.9,205.7,177.2,183.1,32.0
2018-08-08,1886.5,222.0,204.1,177.5,185.2,31.8
2018-08-07,1862.5,226.7,204.0,179.9,183.8,32.7
2018-08-06,1847.8,233.0,205.9,178.6,185.7,33.0
2018-08-03,1823.3,235.6,204.9,180.8,177.8,32.0
2018-08-02,1834.3,230.5,204.3,182.6,176.4,32.8
2018-08-01,1797.2,228.1,198.5,185.3,171.6,31.9
2018-07-31,1777.4,247.2,187.4,187.2,172.6,31.9
2018-07-30,1779.2,251.4,187.1,184.8,171.1,31.4
2018-07-27,1817.3,255.1,188.1,189.4,174.9,34.1
2018-07-26,1808.0,260.4,191.3,194.2,176.3,42.9
2018-07-25,1863.6,262.9,191.9,198.0,217.5,44.2
2018-07-24,1829.2,256.5,190.1,189.0,214.7,42.2
2018-07-23,1802.0,260.4,188.7,187.0,210.9,43.3
2018-07-20,1813.7,260.0,188.6,187.2,209.9,43.4
2018-07-19,1813.0,262.4,189.0,187.3,208.1,43.4
2018-07-18,1842.9,269.4,187.5,190.8,209.4,43.3
2018-07-17,1843.9,270.0,188.6,192.7,210.0,44.7
2018-07-16,1822.5,267.1,188.0,190.4,207.2,44.3
2018-07-13,1813.0,267.2,188.5,190.0,207.3,44.5
2018-07-12,1796.6,271.4,188.2,190.2,206.9,45.3
2018-07-11,1755.0,261.2,185.1,187.4,202.5,43.9
2018-07-10,1743.1,261.2,187.5,192.6,203.5,43.8
2018-07-09,1739.0,262.0,187.7,192.8,204.7,44.1
2018-07-06,1710.6,251.8,185.2,192.3,203.2,46.6
2018-07-05,1699.7,244.1,182.6,186.9,198.4,45.1
2018-07-03,1694.0,246.4,181.2,184.8,192.7,43.9
2018-07-02,1713.8,246.2,184.4,186.4,197.4,45.0
2018-06-29,1699.8,243.0,182.3,185.5,194.3,43.7
2018-06-28,1701.4,242.2,182.7,188.4,196.2,44.8
2018-06-27,1660.5,243.0,181.4,185.0,195.8,43.7
2018-06-26,1691.1,250.8,181.7,191.4,199.0,44.8
2018-06-25,1663.2,250.4,179.4,191.2,196.4,44.2
2018-06-22,1715.7,259.0,182.1,202.0,201.7,45.9
2018-06-21,1730.2,260.5,182.7,202.2,201.5,45.2
2018-06-20,1750.1,264.1,183.7,206.2,202.0,46.1
2018-06-19,1734.8,262.1,182.9,204.4,197.5,45.0
2018-06-18,1723.8,268.9,185.9,208.6,198.3,46.0
2018-06-15,1716.0,273.0,186.0,208.0,195.8,45.8
2018-06-14,1723.9,270.6,187.9,210.9,196.8,46.8
2018-06-13,1704.9,270.0,187.8,206.6,192.4,44.1
2018-06-12,1698.8,267.4,189.4,209.1,192.4,43.5
2018-06-11,1689.1,269.8,188.4,205.7,191.5,41.4
2018-06-08,1684.0,263.6,188.8,205.1,189.1,41.2
2018-06-07,1689.3,264.9,190.6,203.6,188.2,39.7
2018-06-06,1695.8,263.9,191.1,208.3,191.3,40.1
2018-06-05,1696.4,260.0,190.4,208.4,192.9,39.8
2018-06-04,1665.3,260.9,189.0,209.0,193.3,37.9
2018-06-01,1641.5,248.5,187.4,204.3,194.0,36.6
2018-05-31,1629.6,242.6,184.1,198.0,191.8,34.7
2018-05-30,1624.9,241.6,184.7,198.0,187.7,34.4
2018-05-29,1612.9,242.0,185.1,198.0,185.7,34.0
2018-05-25,1610.2,243.8,185.8,199.2,184.9,33.6
2018-05-24,1603.1,240.3,185.3,197.4,185.9,33.5
2018-05-23,1601.9,240.4,185.5,196.8,186.9,33.4
2018-05-22,1581.4,240.0,184.4,195.9,183.8,32.9
2018-05-21,1585.5,240.5,184.8,197.6,184.5,33.6
2018-05-18,1574.4,253.0,183.5,195.0,182.7,32.6
2018-05-17,1581.8,279.7,184.2,196.0,183.8,32.6
2018-05-16,1587.3,284.1,185.4,198.1,183.2,32.8
2018-05-15,1576.1,271.9,183.6,196.6,184.3,32.8
2018-05-14,1601.5,272.3,185.3,198.6,186.6,33.4
2018-05-11,1602.9,269.9,185.8,194.4,187.0,32.8
2018-05-10,1609.1,268.7,186.5,196.0,185.5,32.9
2018-05-09,1608.0,261.3,183.8,195.4,182.7,32.5
2018-05-08,1592.4,263.1,182.6,196.3,178.9,31.8
2018-05-07,1600.1,253.9,181.7,195.4,178.0,31.3
2018-05-04,1581.0,251.7,180.4,188.9,176.6,31.0
2018-05-03,1572.1,252.5,173.6,182.4,174.0,30.7
2018-05-02,1569.7,249.8,173.3,181.4,176.1,30.6
2018-05-01,1582.3,252.1,165.9,179.5,173.9,30.3
2018-04-30,1566.1,250.9,162.2,178.5,172.0,30.3
2018-04-27,1572.6,251.9,159.3,177.2,173.6,29.0
2018-04-26,1518.0,238.7,161.1,173.9,174.2,30.3
2018-04-25,1460.2,231.4,160.6,170.2,159.7,29.8
2018-04-24,1460.1,231.4,159.9,173.1,159.7,30.5
2018-04-23,1517.9,231.4,162.1,175.6,165.8,31.2
2018-04-20,1527.5,232.5,162.6,179.1,166.3,31.9
2018-04-19,1556.9,237.1,169.6,181.4,168.1,31.5
2018-04-18,1527.8,237.8,174.5,182.7,166.4,31.5
2018-04-17,1503.8,235.7,174.9,178.7,168.7,31.8
2018-04-16,1441.5,229.9,172.5,174.7,164.8,28.6
2018-04-13,1430.8,228.2,171.4,172.0,164.5,28.8
2018-04-12,1448.5,231.3,170.9,175.9,163.9,29.0
2018-04-11,1427.0,229.6,169.2,175.4,166.3,29.4
2018-04-10,1436.2,231.5,170.0,177.1,165.0,29.5
2018-04-09,1406.1,224.3,166.9,169.9,157.9,28.0
2018-04-06,1405.2,219.8,165.2,167.5,157.2,28.1
2018-04-05,1451.8,225.6,169.6,172.6,159.3,28.6
2018-04-04,1410.6,224.3,168.4,172.1,155.1,28.2
2018-04-03,1392.0,220.0,165.2,174.7,156.1,27.5
2018-04-02,1372.0,220.1,163.6,177.6,155.4,28.0
2018-03-29,1447.3,223.2,164.6,183.5,159.8,29.0
2018-03-28,1431.4,223.1,163.4,178.9,153.0,28.4
2018-03-27,1497.0,231.0,165.2,181.9,152.2,28.1
2018-03-26,1555.9,235.9,169.5,190.5,160.1,31.9
2018-03-23,1495.6,230.1,161.8,181.2,159.4,31.0
2018-03-22,1544.9,236.1,165.7,184.6,164.9,31.2
2018-03-21,1581.9,250.0,168.1,195.3,169.4,32.7
2018-03-20,1586.5,254.5,171.9,199.0,168.2,31.4
2018-03-19,1544.9,252.8,172.0,194.5,172.6,35.0
2018-03-16,1571.7,262.4,174.7,200.3,185.1,35.6
2018-03-15,1582.3,262.7,175.3,199.1,183.9,35.8
2018-03-14,1591.0,259.4,175.1,192.6,184.2,36.6
2018-03-13,1588.2,258.4,176.6,188.4,181.9,34.1
2018-03-12,1598.4,265.7,178.3,192.7,184.8,35.5
2018-03-09,1578.9,263.6,176.6,190.6,185.2,35.4
2018-03-08,1551.9,257.1,173.6,187.2,182.3,34.8
2018-03-07,1545.0,257.3,171.7,189.0,183.7,35.8
2018-03-06,1537.6,258.7,173.4,187.4,179.8,34.4
2018-03-05,1523.6,254.9,173.5,181.6,180.4,34.6
2018-03-02,1500.2,250.6,172.9,179.8,176.6,33.0
2018-03-01,1493.4,249.8,171.7,182.0,175.9,32.2
2018-02-28,1512.4,252.3,174.8,186.1,178.3,31.9
2018-02-27,1512.0,250.5,175.0,188.3,181.5,31.3
2018-02-26,1522.0,256.2,175.6,194.2,184.9,32.2
2018-02-23,1500.0,250.7,172.2,193.3,183.3,32.7
2018-02-22,1485.3,249.4,169.3,188.8,179.0,32.1
2018-02-21,1482.9,246.9,167.9,188.8,177.9,33.4
2018-02-20,1468.4,245.4,168.6,187.2,176.0,32.8
2018-02-16,1448.7,244.7,169.2,183.7,177.4,33.1
2018-02-15,1461.8,248.2,169.7,187.4,180.0,33.6
2018-02-14,1451.0,235.9,164.2,186.8,179.5,33.8
2018-02-13,1414.5,225.6,161.3,179.2,173.2,33.4
2018-02-12,1386.2,221.6,159.7,177.4,176.4,31.0
2018-02-09,1339.6,215.7,153.5,176.7,176.1,31.5
2018-02-08,1350.5,212.1,151.6,173.7,171.6,30.2
2018-02-07,1416.8,222.5,155.9,180.3,180.2,26.9
2018-02-06,1442.8,228.8,159.3,185.2,185.3,25.2
2018-02-05,1390.0,225.3,152.9,180.5,181.3,25.1
2018-02-02,1430.0,233.2,156.8,187.3,190.3,25.9
2018-02-01,1390.0,240.5,164.0,192.2,193.1,27.1
2018-01-31,1450.9,246.9,163.6,204.3,186.9,25.8
2018-01-30,1437.8,244.1,163.2,199.7,187.1,25.6
2018-01-29,1417.7,253.7,164.1,203.0,186.0,25.2
2018-01-26,1402.0,260.2,167.6,205.2,190.0,24.3
2018-01-25,1378.0,254.1,167.2,198.3,187.5,22.2
2018-01-24,1357.5,258.0,170.3,195.5,186.6,22.4
2018-01-23,1362.5,257.4,173.0,192.3,189.4,22.8
2018-01-22,1327.3,254.3,173.0,184.0,185.4,23.3
2018-01-19,1294.6,256.0,174.4,184.0,181.3,23.7
2018-01-18,1293.3,255.0,175.2,184.4,179.8,24.0
2018-01-17,1295.0,255.5,175.0,183.8,177.6,24.6
2018-01-16,1304.9,257.8,172.2,182.4,178.4,24.7
2018-01-12,1305.2,253.0,173.1,187.8,179.4,25.4
2018-01-11,1276.7,250.2,171.3,188.8,187.8,24.4
2018-01-10,1254.3,249.0,170.3,189.8,187.8,24.2
2018-01-09,1252.7,254.7,170.4,190.8,187.9,24.2
2018-01-08,1246.9,250.8,170.4,190.3,188.3,24.6
2018-01-05,1229.1,245.1,171.0,190.7,186.8,24.3
2018-01-04,1209.6,245.7,169.1,185.7,184.3,24.0
2018-01-03,1204.2,245.6,168.3,184.0,184.7,24.4
2018-01-02,1189.0,242.4,168.3,183.6,181.4,24.5
2017-12-29,1169.5,234.2,165.4,172.4,176.5,24.0
2017-12-28,1186.1,234.7,167.2,172.3,177.9,24.3
2017-12-27,1182.3,237.7,166.7,173.0,177.6,24.2
2017-12-26,1176.8,237.8,166.7,172.3,176.0,24.3
2017-12-22,1168.4,239.0,171.0,176.3,177.2,24.5
2017-12-21,1174.8,239.5,171.0,175.3,177.4,25.0
2017-12-20,1177.6,233.4,170.4,172.6,177.9,25.2
2017-12-19,1187.4,235.6,170.6,171.3,179.5,25.1
2017-12-18,1190.6,240.9,172.4,173.4,180.8,24.7
2017-12-15,1179.1,233.5,170.0,173.6,180.2,22.2
2017-12-14,1174.3,231.8,168.3,171.8,178.4,22.6
2017-12-13,1164.1,233.2,168.3,176.5,178.3,21.7
2017-12-12,1165.1,232.7,167.8,174.6,177.0,21.6
2017-12-11,1168.9,233.5,168.7,179.3,179.0,22.0
2017-12-08,1162.0,234.6,165.5,177.6,179.0,21.1
2017-12-07,1159.8,233.0,165.5,174.5,180.1,21.0
2017-12-06,1152.4,231.2,165.2,172.6,176.1,21.1
2017-12-05,1141.6,231.8,165.8,169.0,172.8,20.8
2017-12-04,1134.0,229.7,165.9,169.6,171.5,20.4
2017-12-01,1162.4,235.1,167.2,174.6,175.1,20.7
2017-11-30,1176.8,238.6,167.9,177.1,177.2,20.6
2017-11-29,1161.3,235.5,165.6,179.9,175.1,20.8
2017-11-28,1193.6,244.0,169.1,186.7,182.4,21.8
2017-11-27,1195.8,247.0,170.1,188.0,183.0,21.8
2017-11-24,1186.0,249.4,171.0,191.2,182.8,22.4
2017-11-22,1156.2,249.6,171.0,189.8,180.9,22.3
2017-11-21,1139.5,244.3,169.2,190.9,181.9,21.9
2017-11-20,1126.3,238.5,166.1,188.0,178.7,21.1
2017-11-17,1129.9,239.3,166.3,185.1,179.0,20.8
2017-11-16,1137.3,239.3,167.2,185.4,179.6,20.4
2017-11-15,1126.7,234.2,165.2,181.5,178.0,19.9
2017-11-14,1136.8,234.9,167.4,181.8,178.1,20.0
2017-11-13,1129.2,237.4,170.0,184.5,178.8,20.2
2017-11-10,1125.4,237.4,170.7,186.4,178.5,20.3
2017-11-09,1129.1,240.1,171.3,185.1,179.3,19.9
2017-11-08,1132.9,241.2,171.6,185.9,179.6,19.6
2017-11-07,1123.2,243.5,170.2,188.5,180.2,19.7
2017-11-06,1120.7,244.5,169.7,187.8,180.2,19.4
2017-11-03,1111.6,241.5,168.0,183.2,178.9,19.9
2017-11-02,1094.2,242.1,163.7,184.8,178.9,19.7
2017-11-01,1103.7,245.4,162.5,186.1,182.7,20.6
2017-10-31,1105.3,243.9,164.6,184.9,180.1,20.6
2017-10-30,1110.8,236.4,162.3,181.6,179.9,21.2
2017-10-27,1101.0,239.4,158.8,176.2,177.9,21.7
2017-10-26,972.4,260.6,153.3,170.3,170.6,20.3
2017-10-25,972.9,263.0,152.3,170.0,170.6,17.2
2017-10-24,975.9,264.0,153.0,173.7,171.8,17.2
2017-10-23,966.3,266.1,152.1,173.1,171.3,17.4
2017-10-20,982.9,264.9,152.1,177.3,175.0,17.9
2017-10-19,986.6,264.5,151.9,177.9,174.6,17.9
2017-10-18,997.0,269.0,155.6,179.6,176.0,18.0
2017-10-17,1009.1,270.3,156.3,175.3,176.1,18.3
2017-10-16,1006.3,272.8,155.7,179.6,174.5,18.3
2017-10-13,1002.9,262.7,152.9,178.4,173.7,18.6
2017-10-12,1000.9,259.3,151.9,180.5,172.6,18.4
2017-10-11,995.0,260.3,152.4,184.7,172.7,17.7
2017-10-10,987.2,262.4,151.8,183.1,171.6,17.4
2017-10-09,991.0,252.2,151.7,182.1,172.5,17.7
2017-10-06,989.6,247.7,151.2,179.2,172.2,17.8
2017-10-05,980.8,245.3,151.3,178.9,171.2,18.2
2017-10-04,965.4,244.0,149.4,178.7,168.4,17.8
2017-10-03,957.1,247.0,150.4,178.6,170.0,17.6
2017-10-02,959.2,248.7,149.8,173.6,169.5,17.1
2017-09-29,961.4,247.7,150.1,172.7,170.9,16.9
2017-09-28,956.4,241.3,149.3,170.2,168.7,16.8
2017-09-27,950.9,239.8,150.2,171.0,167.7,17.0
2017-09-26,938.6,236.2,149.1,167.0,164.2,16.6
2017-09-25,939.8,234.5,146.6,169.6,162.9,17.0
2017-09-22,955.1,240.6,147.9,178.1,170.5,17.6
2017-09-21,964.6,238.9,149.4,177.4,171.1,17.6
2017-09-20,973.2,238.0,152.0,178.0,172.2,17.6
2017-09-19,969.9,237.8,154.6,180.1,172.5,17.8
2017-09-18,974.2,239.1,154.5,180.0,170.0,17.6
2017-09-15,986.8,235.2,155.7,176.7,171.6,18.0
2017-09-14,992.2,237.3,154.1,177.1,171.0,18.2
2017-09-13,999.6,236.4,155.5,179.0,173.0,18.2
2017-09-12,982.6,237.6,156.6,175.3,173.0,18.2
2017-09-11,978.0,233.5,157.3,174.1,173.5,17.7
2017-09-08,965.9,229.2,154.5,169.0,171.0,17.4
2017-09-07,979.5,233.2,157.0,170.5,173.2,17.2
2017-09-06,967.8,227.0,157.7,168.1,172.1,16.8
2017-09-05,965.3,225.3,157.8,169.9,170.7,16.6
2017-09-01,978.2,232.6,159.7,171.0,172.0,16.9
2017-08-31,980.6,228.0,159.7,171.7,172.0,16.9
2017-08-30,967.6,223.9,159.1,171.2,169.9,16.9
2017-08-29,954.1,220.7,158.6,167.4,168.0,16.9
2017-08-28,946.0,220.0,157.2,168.3,167.2,16.8
2017-08-25,945.3,225.6,155.7,171.7,166.3,16.6
2017-08-24,952.4,224.9,155.1,175.0,167.7,16.9
2017-08-23,958.0,225.0,155.8,175.8,168.7,17.0
2017-08-22,966.9,226.1,155.6,174.5,169.6,16.6
2017-08-21,953.3,222.5,153.1,169.2,167.8,16.1
2017-08-18,958.5,220.7,153.4,167.5,167.4,16.0
2017-08-17,960.6,221.0,153.7,163.9,166.9,15.9
2017-08-16,978.2,226.1,156.7,159.5,170.0,16.2
2017-08-15,982.7,225.3,157.4,157.8,171.0,16.0
2017-08-14,983.3,223.7,155.7,154.6,170.8,16.1
2017-08-11,968.0,223.5,153.3,151.7,168.1,15.9
2017-08-10,956.9,222.6,151.2,151.8,167.4,15.8
2017-08-09,982.0,230.3,156.2,157.5,171.2,16.1
2017-08-08,989.8,229.4,155.3,157.5,171.2,16.2
2017-08-07,992.3,227.2,154.0,158.8,172.0,16.4
2017-08-04,987.6,226.0,151.7,153.3,169.6,16.3
2017-08-03,986.9,227.4,150.9,153.3,168.6,16.2
2017-08-02,995.9,222.0,152.4,151.9,169.3,16.1
2017-08-01,996.2,227.2,153.8,154.7,169.9,16.2
2017-07-31,987.8,226.4,144.3,155.0,169.2,16.1
2017-07-28,1020.0,220.0,145.0,157.6,172.4,16.8
2017-07-27,1046.0,201.0,146.0,154.2,170.4,16.8
2017-07-26,1052.8,201.2,148.8,155.8,165.6,19.6
2017-07-25,1039.9,197.0,148.1,152.4,165.3,20.0
2017-07-24,1039.0,198.6,147.5,152.3,166.0,20.0
2017-07-21,1025.7,193.2,145.8,151.9,164.4,20.1
2017-07-20,1028.7,191.3,145.8,152.1,164.5,20.5
2017-07-19,1026.9,190.9,146.5,153.2,164.1,20.1
2017-07-18,1024.4,189.5,145.6,153.8,162.9,20.0
2017-07-17,1010.0,188.2,145.1,151.2,159.7,19.9
2017-07-14,1001.8,188.6,144.6,151.8,160.0,19.6
2017-07-13,1000.6,186.9,143.3,149.5,159.3,19.3
2017-07-12,1006.5,186.8,141.4,149.0,158.9,19.2
2017-07-11,994.1,184.4,141.2,145.8,155.3,18.6
2017-07-10,996.5,182.9,140.7,143.8,153.5,18.1
2017-07-07,978.8,181.4,139.8,142.4,151.4,18.0
2017-07-06,965.1,181.8,138.4,142.2,148.8,17.9
2017-07-05,971.4,183.8,139.8,144.9,150.3,17.8
2017-07-03,953.7,180.0,139.2,141.0,148.4,17.6
2017-06-30,968.0,178.9,139.7,140.9,151.0,17.9
2017-06-29,975.9,179.6,139.4,140.8,151.0,17.6
2017-06-28,990.3,178.0,141.4,144.0,153.2,18.0
2017-06-27,976.8,175.6,139.4,141.5,150.6,18.1
2017-06-26,994.0,178.5,141.4,142.7,153.6,18.3
2017-06-23,1003.7,178.1,141.9,143.0,155.1,18.5
2017-06-22,1001.3,179.3,141.3,142.3,153.4,18.2
2017-06-21,1002.2,180.2,141.5,143.3,153.9,17.8
2017-06-20,992.6,177.8,140.6,138.4,152.2,16.9
2017-06-19,995.2,176.9,141.9,139.5,152.9,17.1
2017-06-16,987.7,173.9,138.0,134.9,150.6,16.7
2017-06-15,964.2,176.3,140.0,135.1,149.8,16.8
2017-06-14,976.5,178.2,140.8,136.7,150.2,16.8
2017-06-13,980.8,179.2,142.2,136.6,150.7,17.0
2017-06-12,964.9,180.1,141.0,139.1,148.4,17.0
2017-06-09,978.3,181.1,144.5,139.4,149.6,16.9
2017-06-08,1010.3,185.8,150.3,142.3,154.7,17.6
2017-06-07,1010.1,187.5,150.7,125.6,153.1,17.4
2017-06-06,1003.0,185.8,149.8,124.6,152.8,17.6
2017-06-05,1011.3,187.3,149.3,125.4,153.6,18.2
2017-06-02,1006.7,187.6,150.8,124.1,153.6,18.3
2017-06-01,996.0,187.3,148.6,124.0,151.5,18.5
2017-05-31,994.6,186.1,148.2,122.5,151.5,18.3
2017-05-30,996.7,189.9,149.0,123.9,152.4,18.4
2017-05-26,995.8,190.4,149.0,124.0,152.1,18.2
2017-05-25,993.4,192.0,149.2,123.6,152.0,18.0
2017-05-24,980.4,190.6,148.7,122.8,150.0,18.0
2017-05-23,971.5,191.8,149.2,122.9,148.1,18.2
2017-05-22,970.7,191.7,149.4,124.8,148.2,18.4
2017-05-19,959.8,188.8,148.5,123.2,148.1,18.4
2017-05-18,958.5,182.4,148.0,121.3,147.7,18.5
2017-05-17,944.8,186.0,145.7,120.7,144.8,18.3
2017-05-16,966.1,190.6,150.8,124.0,149.8,19.5
2017-05-15,958.0,186.1,151.0,121.4,150.2,19.2
2017-05-12,961.4,186.8,151.4,120.3,150.3,18.6
2017-05-11,947.6,186.6,149.3,120.2,150.0,18.4
2017-05-10,949.0,183.6,148.0,120.0,150.3,18.5
2017-05-09,952.8,183.0,148.7,120.0,150.5,18.4
2017-05-08,949.0,177.5,147.8,116.9,151.1,18.3
2017-05-05,934.2,178.0,143.9,116.0,150.2,18.7
2017-05-04,937.5,176.7,141.5,115.9,150.8,18.5
2017-05-03,941.0,177.4,142.1,116.6,151.8,18.6
2017-05-02,946.9,178.6,142.5,118.1,152.8,18.2
2017-05-01,948.2,180.1,141.6,116.7,152.5,17.5
2017-04-28,925.0,180.2,138.8,115.5,150.2,16.5
2017-04-27,918.4,187.9,138.9,115.4,147.7,16.6
2017-04-26,909.3,186.7,138.8,115.0,146.6,15.8
2017-04-25,907.6,187.0,139.6,115.5,146.5,14.7
2017-04-24,907.4,180.0,138.7,114.9,145.5,14.7
2017-04-21,898.5,178.1,137.4,113.1,143.7,14.6
2017-04-20,902.1,178.6,137.6,113.0,143.8,14.6
2017-04-19,899.2,177.8,135.9,110.8,142.3,14.5
2017-04-18,903.8,174.5,136.4,111.2,141.0,14.4
2017-04-17,902.0,173.3,137.0,111.8,141.4,14.4
2017-04-13,884.7,172.6,136.2,110.2,139.4,14.3
2017-04-12,896.2,173.6,137.0,110.6,139.6,14.4
2017-04-11,902.4,173.0,136.8,110.4,139.9,14.3
2017-04-10,907.0,174.2,138.3,111.7,141.0,14.4
2017-04-07,894.9,172.4,138.5,109.0,140.8,14.3
2017-04-06,898.3,173.4,138.8,108.0,141.2,14.4
2017-04-05,909.3,172.9,139.1,107.4,141.8,14.5
2017-04-04,906.8,175.2,139.8,107.5,141.7,14.7
2017-04-03,891.5,175.0,138.8,108.1,142.3,14.8
2017-03-31,886.5,172.5,138.8,107.8,142.0,15.0
2017-03-30,876.3,172.4,139.0,108.8,142.4,14.9
2017-03-29,874.3,170.7,139.2,109.5,142.6,15.0
2017-03-28,856.0,169.8,138.9,107.8,141.8,14.9
2017-03-27,846.8,168.9,136.1,108.1,140.3,15.0
2017-03-24,845.6,168.3,135.8,108.0,140.3,15.1
2017-03-23,847.4,169.6,136.1,108.2,139.5,14.9
2017-03-22,848.1,169.6,136.6,106.1,139.6,15.0
2017-03-21,843.2,171.4,135.1,105.1,138.5,14.5
2017-03-20,857.0,176.1,136.6,107.2,139.9,15.1
2017-03-17,852.3,176.6,135.2,105.6,139.8,15.1
2017-03-16,853.4,176.6,135.9,105.6,140.0,15.2
2017-03-15,853.0,172.0,135.7,103.7,139.7,15.0
2017-03-14,852.5,172.8,134.3,104.2,139.3,15.3
2017-03-13,854.6,173.2,134.5,105.2,139.6,15.2
2017-03-10,852.5,172.7,134.4,103.4,138.8,15.1
2017-03-09,853.0,173.3,134.0,103.2,138.2,15.2
2017-03-08,850.5,173.9,134.3,103.2,137.7,15.2
2017-03-07,846.0,173.7,134.8,102.6,137.3,15.2
2017-03-06,846.6,173.3,134.6,102.3,137.4,15.6
2017-03-03,849.9,173.8,135.0,103.3,137.2,15.8
2017-03-02,848.9,174.5,134.2,103.2,136.8,15.8
2017-03-01,853.1,175.3,135.0,104.0,137.4,15.8
2017-02-28,845.0,174.1,132.3,102.9,135.5,15.8
2017-02-27,848.6,173.0,132.3,103.6,136.4,16.1
2017-02-24,845.2,175.2,132.0,103.0,135.4,16.0
2017-02-23,852.2,184.6,131.9,102.5,135.4,16.0
2017-02-22,855.6,186.0,132.4,104.2,136.1,16.1
2017-02-21,856.4,185.6,132.0,102.1,133.7,16.4
2017-02-17,845.1,185.2,131.1,100.5,133.5,16.6
2017-02-16,844.1,184.9,130.7,100.8,133.8,16.4
2017-02-15,842.7,183.6,130.9,101.6,133.4,16.7
2017-02-14,836.4,182.8,130.4,101.6,133.8,16.5
2017-02-13,836.5,184.3,128.8,103.1,134.0,15.8
2017-02-10,827.5,184.0,127.6,102.4,134.2,15.6
2017-02-09,821.4,181.5,127.9,103.3,134.1,16.4
2017-02-08,819.7,181.5,127.0,103.6,134.2,18.7
2017-02-07,812.5,178.2,126.5,100.8,131.8,18.3
2017-02-06,807.6,177.8,125.3,100.9,132.1,17.9
2017-02-03,810.2,175.2,124.1,100.4,131.0,17.6
2017-02-02,840.0,173.4,123.6,100.8,130.8,17.8
2017-02-01,832.4,173.8,123.8,101.6,133.2,17.2
2017-01-31,823.5,175.1,116.7,101.3,130.3,17.6
2017-01-30,830.4,174.7,117.0,101.0,131.0,16.9
2017-01-27,835.8,174.1,117.3,102.1,132.2,16.6
2017-01-26,839.2,175.0,117.3,102.8,132.8,16.8
2017-01-25,836.5,176.6,117.2,104.1,131.5,16.7
2017-01-24,822.4,176.0,115.4,101.4,129.4,16.5
2017-01-23,817.9,176.0,115.5,98.4,128.9,16.6
2017-01-20,808.3,173.4,115.4,96.1,127.0,16.6
2017-01-19,809.0,176.1,115.2,96.2,127.6,16.8
2017-01-18,807.5,176.5,115.4,96.0,127.9,17.1
2017-01-17,809.7,177.0,115.4,96.1,127.9,17.0
2017-01-13,817.1,176.5,114.5,96.3,128.3,17.2
2017-01-12,813.6,177.6,114.7,95.9,126.6,17.4
2017-01-11,799.0,179.3,115.2,96.9,126.1,17.3
2017-01-10,795.9,180.3,114.6,96.8,124.4,17.4
2017-01-09,796.9,177.2,114.4,94.7,124.9,17.5
2017-01-06,796.0,176.4,113.4,93.9,123.4,17.2
2017-01-05,780.4,177.5,112.2,94.4,120.7,17.1
2017-01-04,757.2,172.0,111.6,90.5,118.7,16.9
2017-01-03,753.7,168.3,111.7,88.6,116.9,16.4
2016-12-30,749.9,164.4,111.4,87.8,115.0,16.3
2016-12-29,765.2,166.5,112.3,87.3,116.4,16.4
2016-12-28,772.1,165.5,112.3,87.4,116.9,16.4
2016-12-27,771.4,164.8,112.8,87.5,118.0,16.6
2016-12-23,760.6,163.6,112.1,86.8,117.3,16.5
2016-12-22,766.3,162.9,111.8,86.8,117.4,16.4
2016-12-21,770.6,163.9,112.6,89.2,119.0,17.1
2016-12-20,771.2,165.3,112.5,89.8,119.1,17.9
2016-12-19,766.0,163.7,112.2,88.9,119.2,18.2
2016-12-16,757.8,164.9,111.5,88.7,119.9,18.6
2016-12-15,761.0,165.8,111.4,88.8,120.6,18.8
2016-12-14,768.8,169.8,110.8,91.2,120.2,18.9
2016-12-13,774.3,171.5,110.8,92.2,120.3,19.4
2016-12-12,760.1,168.5,109.0,92.5,117.8,18.9
2016-12-09,768.7,170.8,109.6,93.3,119.7,19.6
2016-12-08,767.3,167.8,107.8,92.3,118.9,19.6
2016-12-07,770.4,169.3,106.8,91.1,118.0,19.5
2016-12-06,764.7,165.2,105.7,90.4,117.3,18.2
2016-12-05,759.4,164.3,104.9,91.0,117.4,18.2
2016-12-02,740.3,161.7,105.7,90.5,115.4,17.9
2016-12-01,743.6,163.1,105.3,89.9,115.1,18.0
2016-11-30,750.6,167.0,106.3,94.0,118.4,18.5
2016-11-29,762.5,169.2,107.2,95.0,120.9,18.2
2016-11-28,766.8,167.0,107.3,93.8,120.4,18.3
2016-11-25,780.4,164.4,107.5,93.0,120.4,18.1
2016-11-23,780.1,163.6,107.0,93.0,120.8,18.2
2016-11-22,785.3,164.5,107.5,93.2,121.5,18.6
2016-11-21,780.0,165.7,107.5,93.4,121.8,18.6
2016-11-18,760.2,164.4,105.9,93.4,117.0,18.7
2016-11-17,756.4,166.2,105.7,94.1,117.8,18.6
2016-11-16,746.5,166.7,105.8,92.9,116.3,18.6
2016-11-15,743.2,164.4,103.0,91.0,117.2,19.0
2016-11-14,719.1,161.7,101.7,89.8,115.1,19.1
2016-11-11,739.0,163.0,104.3,93.0,119.0,18.6
2016-11-10,742.4,163.5,103.7,94.3,120.8,18.4
2016-11-09,771.9,168.7,106.6,96.7,123.2,19.1
2016-11-08,787.8,170.9,106.8,99.8,124.2,18.4
2016-11-07,784.9,171.6,106.2,99.4,122.2,18.4
2016-11-04,755.0,167.7,104.7,97.6,120.8,18.0
2016-11-03,767.0,168.6,105.6,97.8,120.0,17.6
2016-11-02,765.6,168.8,106.8,98.5,127.2,17.6
2016-11-01,785.4,173.5,106.7,101.2,129.5,17.5
2016-10-31,789.8,176.9,108.6,101.7,131.0,18.0
2016-10-28,776.3,179.6,108.8,101.9,131.3,17.7
2016-10-27,818.4,175.1,109.5,102.4,129.7,17.4
2016-10-26,822.6,172.8,110.6,102.8,131.0,17.3
2016-10-25,835.2,176.7,113.1,104.2,132.3,17.3
2016-10-24,838.1,180.9,112.6,104.5,133.3,18.0
2016-10-21,819.0,176.8,111.6,103.9,132.1,18.1
2016-10-20,810.3,175.2,112.0,103.8,130.0,16.9
2016-10-19,817.7,176.2,112.1,103.9,130.1,17.1
2016-10-18,817.6,175.6,112.4,103.3,128.6,16.8
2016-10-17,813.0,175.2,112.5,102.8,127.5,16.7
2016-10-14,823.0,175.5,112.6,101.8,127.9,16.9
2016-10-13,829.3,174.6,111.9,102.2,127.8,17.8
2016-10-12,834.1,175.4,112.3,103.6,129.0,18.0
2016-10-11,831.0,177.0,111.3,105.2,128.9,18.0
2016-10-10,841.7,181.5,111.0,108.4,130.2,17.6
2016-10-07,839.4,179.8,109.1,106.0,129.0,19.8
2016-10-06,841.7,181.5,109.0,107.1,128.7,19.9
2016-10-05,844.4,184.1,108.2,107.0,128.5,24.9
2016-10-04,834.0,184.1,108.1,105.4,128.2,23.5
2016-10-03,836.7,183.5,107.7,105.4,128.8,24.0
2016-09-30,837.3,182.1,108.2,105.8,128.3,23.0
2016-09-29,829.0,182.2,107.3,105.6,128.1,23.0
2016-09-28,828.7,187.7,109.0,108.8,129.2,23.0
2016-09-27,816.1,190.8,108.2,108.3,128.7,23.7
2016-09-26,799.2,188.9,108.0,105.9,127.3,23.4
2016-09-23,805.8,191.7,107.8,107.7,128.0,22.6
2016-09-22,804.7,195.4,109.7,109.4,130.1,18.6
2016-09-21,789.7,196.0,108.7,106.0,129.9,18.5
2016-09-20,780.2,186.4,108.7,101.4,128.6,18.4
2016-09-19,775.1,184.7,108.7,103.0,128.6,18.4
2016-09-16,778.5,185.0,110.0,104.6,129.1,19.1
2016-09-15,769.7,186.5,110.6,104.4,128.4,18.3
2016-09-14,761.1,182.2,106.9,102.4,127.8,18.1
2016-09-13,761.0,181.9,103.3,100.3,127.2,17.8
2016-09-12,771.5,184.1,100.9,100.8,128.7,18.2
2016-09-09,760.1,182.1,98.7,99.6,127.1,18.1
2016-09-08,784.1,187.5,101.0,102.6,130.3,18.7
2016-09-07,784.5,189.2,103.7,102.3,131.0,19.9
2016-09-06,788.9,189.1,103.1,103.8,129.7,19.9
2016-09-02,772.4,177.8,103.1,99.2,126.5,19.6
2016-09-01,770.6,176.6,102.1,97.4,126.2,19.5
2016-08-31,769.2,171.1,101.5,97.2,126.1,19.2
2016-08-30,767.6,175.4,101.4,96.0,125.8,18.4
2016-08-29,771.3,173.6,102.2,94.9,126.5,18.5
2016-08-26,769.0,173.5,102.3,95.1,125.0,18.3
2016-08-25,759.2,172.8,102.9,93.9,123.9,18.3
2016-08-24,757.2,171.5,103.4,93.9,123.5,18.2
2016-08-23,762.4,173.5,104.2,95.8,124.4,18.7
2016-08-22,759.5,173.8,103.8,95.6,124.2,18.6
2016-08-19,757.3,177.5,104.6,96.9,123.6,19.0
2016-08-18,764.5,175.4,104.4,97.0,123.9,19.0
2016-08-17,764.6,172.7,104.5,97.0,124.4,20.2
2016-08-16,764.0,173.3,104.7,96.7,123.3,20.4
2016-08-15,768.5,173.0,104.8,97.2,123.9,20.9
2016-08-12,772.6,168.0,103.5,98.2,124.9,19.5
2016-08-11,771.2,167.7,103.3,91.8,124.9,19.8
2016-08-10,768.6,165.6,103.3,87.3,124.9,19.0
2016-08-09,768.3,165.5,104.1,85.2,125.1,18.7
2016-08-08,766.6,166.4,103.7,85.0,125.3,18.2
2016-08-05,766.0,167.4,102.8,84.6,125.2,18.3
2016-08-04,760.8,162.6,101.3,84.8,124.4,18.1
2016-08-03,754.6,162.2,100.7,83.7,122.5,17.6
2016-08-02,760.6,160.8,99.4,83.8,123.1,16.4
2016-08-01,767.7,163.2,100.9,84.3,124.3,16.6
2016-07-29,758.8,159.6,99.2,82.5,123.9,16.6
2016-07-28,752.6,165.6,99.3,83.1,125.0,16.3
2016-07-27,736.7,165.5,98.0,83.1,123.3,15.8
2016-07-26,735.6,164.0,92.0,83.6,121.2,18.4
2016-07-25,739.6,160.2,92.6,83.2,121.6,18.6
2016-07-22,744.9,160.9,93.9,84.5,121.0,18.4
2016-07-21,744.4,161.4,94.6,84.2,120.6,18.4
2016-07-20,745.7,160.6,95.1,84.4,121.9,18.6
2016-07-19,740.0,161.2,95.0,82.8,120.6,18.3
2016-07-18,736.1,164.8,95.0,82.6,119.4,18.6
2016-07-15,735.4,162.7,94.0,81.2,116.9,18.1
2016-07-14,741.2,164.8,94.0,81.7,117.3,18.0
2016-07-13,742.6,164.2,92.2,80.6,116.8,17.7
2016-07-12,748.2,165.0,92.7,81.7,117.9,18.1
2016-07-11,753.8,167.0,92.3,81.5,117.9,17.7
2016-07-08,745.8,159.8,92.0,79.0,117.2,18.1
2016-07-07,736.6,163.4,91.3,79.4,115.8,17.4
2016-07-06,737.6,161.6,90.9,78.6,116.7,17.2
2016-07-05,728.1,161.9,90.4,79.0,114.0,17.1
2016-07-01,725.7,165.2,91.3,79.6,114.2,17.3
2016-06-30,715.6,165.2,91.0,79.5,114.3,16.9
2016-06-29,715.6,164.4,89.8,78.0,114.2,16.8
2016-06-28,708.0,160.4,89.1,76.3,112.7,16.4
2016-06-27,691.4,156.9,87.6,74.2,109.0,15.8
2016-06-24,699.0,159.1,88.9,76.3,112.1,16.4
2016-06-23,722.1,163.9,91.5,79.1,115.1,17.0
2016-06-22,710.6,162.2,90.9,78.7,113.9,16.1
2016-06-21,715.8,162.8,91.3,78.6,114.4,16.3
2016-06-20,714.0,166.5,90.5,78.2,113.4,16.3
2016-06-17,706.4,162.7,90.7,77.0,113.0,16.1
2016-06-16,717.5,165.5,92.8,78.3,114.4,15.9
2016-06-15,714.3,161.0,92.4,78.4,114.6,16.0
2016-06-14,719.3,160.8,92.8,77.8,114.9,15.4
2016-06-13,715.2,163.6,92.6,75.4,114.0,14.6
2016-06-10,717.9,164.3,94.1,75.9,116.6,14.0
2016-06-09,727.6,169.0,94.8,77.6,118.6,14.6
2016-06-08,726.6,168.7,94.2,77.6,118.4,15.0
2016-06-07,723.7,170.9,94.2,77.8,117.8,15.0
2016-06-06,726.7,174.6,93.9,78.1,118.8,15.3
2016-06-03,725.5,173.7,93.2,76.6,118.5,15.2
2016-06-02,728.2,175.6,93.0,77.3,118.9,15.2
2016-06-01,719.4,176.5,93.7,76.7,118.8,15.0
2016-05-31,722.8,178.5,95.0,82.0,118.8,15.2
2016-05-27,712.2,185.0,95.5,81.0,119.4,15.1
2016-05-26,714.9,177.7,95.6,78.4,119.5,14.3
2016-05-25,708.4,176.7,94.8,75.6,117.9,14.4
2016-05-24,704.2,175.9,93.2,81.1,117.7,14.0
2016-05-23,696.8,169.8,91.8,79.0,116.0,14.4
2016-05-20,702.8,170.0,90.6,78.8,117.4,14.4
2016-05-19,698.5,168.5,89.7,78.3,116.8,14.2
2016-05-18,697.4,169.4,90.0,79.0,117.6,14.1
2016-05-17,695.3,171.0,89.0,79.4,117.4,14.3
2016-05-16,710.7,168.0,89.3,79.3,118.7,14.3
2016-05-13,709.9,159.8,86.1,77.2,119.8,14.1
2016-05-12,717.9,161.3,86.0,79.2,120.3,14.1
2016-05-11,713.2,163.0,88.0,79.8,119.5,14.6
2016-05-10,703.1,166.2,88.9,79.7,120.5,14.6
2016-05-09,679.8,169.5,88.3,79.4,119.2,14.2
2016-05-06,674.0,173.9,88.2,79.2,119.5,14.4
2016-05-05,659.1,175.2,88.7,78.8,117.8,14.1
2016-05-04,670.9,177.3,89.1,75.8,118.1,14.8
2016-05-03,671.3,174.4,90.0,75.9,117.4,14.0
2016-05-02,683.8,178.9,88.6,76.6,118.6,14.4
2016-04-29,659.6,194.3,88.7,76.9,117.6,14.6
2016-04-28,602.0,186.0,89.7,76.4,116.7,14.6
2016-04-27,606.6,188.0,92.5,77.6,108.9,14.9
2016-04-26,616.9,188.2,98.7,78.6,108.8,17.8
2016-04-25,626.2,188.0,99.4,78.8,110.1,17.1
2016-04-22,620.5,190.8,100.0,79.9,110.6,17.2
2016-04-21,631.0,192.7,100.2,80.8,113.4,17.5
2016-04-20,633.0,193.7,101.3,81.2,112.4,17.4
2016-04-19,627.9,194.5,101.1,79.5,112.3,16.9
2016-04-18,635.4,192.9,101.7,79.0,110.4,17.3
2016-04-15,625.9,193.2,103.9,79.0,109.6,17.6
2016-04-14,620.8,195.7,106.0,79.6,110.8,17.5
2016-04-13,614.8,194.0,106.0,79.6,110.5,17.4
2016-04-12,603.2,187.4,104.5,77.9,110.6,16.6
2016-04-11,595.9,185.1,103.1,77.7,109.0,16.5
2016-04-08,594.6,184.0,102.8,77.5,110.6,16.6
2016-04-07,591.4,182.5,102.7,77.6,113.6,17.0
2016-04-06,602.1,186.8,105.0,78.7,113.7,17.3
2016-04-05,586.1,183.8,103.9,77.3,112.2,17.0
2016-04-04,593.2,189.0,105.1,79.1,112.6,17.1
2016-04-01,598.5,190.3,104.0,78.7,116.1,16.0
2016-03-31,593.6,190.9,103.1,79.0,114.1,16.6
2016-03-30,598.7,189.9,103.6,78.9,114.7,16.4
2016-03-29,593.9,189.8,101.9,78.1,116.1,16.0
2016-03-28,579.9,185.2,99.5,76.5,113.7,15.6
2016-03-24,583.0,184.9,100.0,75.9,113.0,15.9
2016-03-23,569.6,183.8,100.4,76.6,112.5,16.0
2016-03-22,560.5,188.4,101.0,78.2,112.2,16.9
2016-03-21,554.0,187.1,100.2,78.1,111.8,16.9
2016-03-18,552.1,187.9,100.2,76.2,111.4,16.8
2016-03-17,559.4,183.4,100.1,74.2,111.0,16.8
2016-03-16,574.3,183.0,100.2,73.5,112.2,16.7
2016-03-15,577.0,180.2,98.9,72.2,110.7,16.2
2016-03-14,573.4,182.0,97.0,73.4,109.9,17.1
2016-03-11,569.6,183.0,96.7,74.0,109.4,16.8
2016-03-10,558.9,176.1,95.7,72.0,107.3,16.6
2016-03-09,559.5,176.5,95.7,72.4,107.5,17.7
2016-03-08,560.3,172.8,95.6,71.1,105.9,18.3
2016-03-07,562.8,177.2,96.4,72.9,105.7,19.2
2016-03-04,575.1,178.6,97.4,72.2,108.4,19.4
2016-03-03,577.5,177.3,96.0,71.0,109.6,19.3
2016-03-02,580.2,176.9,95.3,71.2,110.0,18.5
2016-03-01,579.0,180.2,95.1,70.9,109.8,17.8
2016-02-29,552.5,173.4,91.5,68.8,106.9,18.1
2016-02-26,555.2,173.8,91.7,66.9,107.9,17.9
2016-02-25,555.2,158.2,91.5,66.7,108.1,17.6
2016-02-24,554.0,162.8,90.9,67.2,106.9,18.0
2016-02-23,552.9,161.0,89.6,67.0,105.5,18.3
2016-02-22,559.5,168.7,91.6,68.8,107.2,18.3
2016-02-19,534.9,164.5,90.8,67.3,104.6,18.3
2016-02-18,525.0,160.7,91.1,66.5,103.5,18.4
2016-02-17,534.1,163.5,92.8,66.4,105.2,17.5
2016-02-16,521.1,157.5,91.4,66.3,101.6,16.4
2016-02-12,507.1,152.7,88.9,60.9,102.0,15.9
2016-02-11,503.8,141.2,88.6,60.6,101.9,14.3
2016-02-10,490.5,143.8,89.2,61.8,101.0,15.0
2016-02-09,482.1,140.7,89.9,61.4,99.5,14.4
2016-02-08,488.1,145.0,89.9,61.1,99.8,14.9
2016-02-05,502.1,145.3,88.9,62.6,104.1,15.7
2016-02-04,536.3,152.6,91.4,64.9,110.5,16.9
2016-02-03,531.1,153.1,90.6,63.4,112.7,16.6
2016-02-02,552.1,154.8,88.9,65.1,114.6,16.1
2016-02-01,574.8,161.1,90.7,67.0,115.1,17.9
2016-01-29,587.0,163.3,91.6,67.0,112.2,16.8
2016-01-28,635.4,156.9,88.5,66.9,109.1,16.5
2016-01-27,583.4,158.3,87.9,69.5,94.4,16.8
2016-01-26,601.2,167.1,94.1,69.8,97.3,17.0
2016-01-25,596.5,167.5,93.6,69.7,97.0,17.0
2016-01-22,596.4,171.2,95.4,70.4,97.9,17.8
2016-01-21,575.0,169.6,90.6,70.7,94.2,17.8
2016-01-20,571.8,165.0,91.1,68.7,94.4,17.4
2016-01-19,574.5,166.0,90.9,70.1,95.3,16.7
2016-01-15,570.2,163.9,91.4,69.6,95.0,17.9
2016-01-14,593.0,172.2,93.6,72.2,98.4,19.0
2016-01-13,581.8,166.0,91.6,70.3,95.4,18.7
2016-01-12,617.9,172.9,94.0,72.7,99.4,19.6
2016-01-11,617.7,170.4,92.7,69.9,97.5,19.6
2016-01-08,607.0,171.3,91.2,70.8,97.3,20.0
2016-01-07,607.9,174.4,90.7,72.7,97.9,20.3
2016-01-06,632.6,185.6,94.7,77.3,103.0,21.4
2016-01-05,633.8,187.4,96.6,78.6,102.7,21.9
2016-01-04,637.0,184.0,99.1,76.7,102.2,22.6
2015-12-31,675.9,189.0,99.0,81.3,104.7,23.1
2015-12-30,689.1,192.1,101.0,81.7,106.2,22.2
2015-12-29,694.0,194.7,102.3,83.3,107.3,22.5
2015-12-28,675.2,192.8,100.5,82.1,105.9,22.5
2015-12-24,662.8,193.9,101.6,83.7,105.0,23.0
2015-12-23,663.7,196.5,102.2,84.8,104.6,22.7
2015-12-22,663.2,197.0,100.9,84.8,105.5,22.6
2015-12-21,664.5,197.4,101.0,82.9,104.8,22.1
2015-12-18,664.1,191.9,99.8,82.6,104.0,23.0
2015-12-17,670.6,196.9,102.5,83.6,106.2,23.3
2015-12-16,675.8,199.3,104.8,84.6,106.8,24.3
2015-12-15,658.6,199.1,104.0,82.5,104.6,24.0
2015-12-14,657.9,193.9,105.8,80.6,104.7,24.9
2015-12-11,640.2,193.7,106.5,79.7,102.1,24.8
2015-12-10,662.3,200.0,109.3,84.3,105.4,25.9
2015-12-09,664.8,200.5,108.8,83.4,104.6,24.3
2015-12-08,677.3,205.0,111.2,84.4,106.5,25.0
2015-12-07,669.8,208.5,111.3,84.8,105.6,24.5
2015-12-04,672.6,208.3,112.0,84.8,106.2,25.0
2015-12-03,666.2,207.5,108.4,82.6,104.4,25.9
2015-12-02,676.0,211.4,109.4,85.0,106.1,25.4
2015-12-01,679.1,214.1,110.4,84.0,107.1,25.5
2015-11-30,664.8,218.0,111.3,84.1,104.2,25.4
2015-11-27,673.3,205.6,110.8,81.4,105.4,25.8
2015-11-25,675.3,201.8,111.0,81.7,105.4,26.1
2015-11-24,671.2,205.3,111.8,80.9,105.7,25.5
2015-11-23,679.0,207.5,110.8,81.3,107.0,25.2
2015-11-20,668.4,206.7,112.2,80.0,107.3,26.3
2015-11-19,661.3,207.8,111.8,77.9,106.3,26.3
2015-11-18,663.5,204.7,110.4,77.7,107.8,25.9
2015-11-17,643.3,196.8,107.0,78.1,105.1,25.2
2015-11-16,647.8,198.7,107.4,78.3,104.0,25.4
2015-11-13,642.4,194.0,105.7,75.8,104.0,25.2
2015-11-12,665.6,198.1,108.9,78.8,108.0,26.1
2015-11-11,673.2,199.5,109.2,79.8,109.0,26.5
2015-11-10,659.7,197.0,109.9,81.4,107.9,27.0
2015-11-09,655.5,194.0,113.4,81.4,106.5,27.1
2015-11-06,659.4,200.3,113.9,83.6,107.1,28.3
2015-11-05,655.6,198.9,113.8,85.4,108.8,28.7
2015-11-04,641.0,197.9,114.3,85.4,103.9,29.4
2015-11-03,625.3,192.5,114.8,83.4,102.6,29.1
2015-11-02,628.4,195.2,113.5,84.4,103.3,29.2
2015-10-30,625.9,187.5,112.0,83.8,102.0,28.5
2015-10-29,626.6,169.0,112.9,82.2,104.9,29.1
2015-10-28,617.1,172.5,111.7,82.4,104.2,30.9
2015-10-27,611.0,173.9,107.3,79.4,103.7,31.3
2015-10-26,608.6,166.2,108.0,76.4,103.8,30.9
2015-10-23,599.0,157.6,111.6,75.6,102.2,30.3
2015-10-22,563.9,153.5,108.2,71.0,99.7,29.2
2015-10-21,555.8,149.6,106.6,69.5,97.1,29.3
2015-10-20,560.9,153.2,106.6,71.8,97.0,30.9
2015-10-19,573.2,154.7,104.7,72.6,98.5,30.9
2015-10-16,570.8,151.0,104.0,72.0,97.5,31.2
2015-10-15,562.4,150.2,104.8,71.8,96.0,29.7
2015-10-14,544.8,145.0,103.2,68.5,94.1,29.4
2015-10-13,548.9,146.5,104.7,69.7,94.1,29.1
2015-10-12,550.2,144.1,104.6,70.3,94.3,28.8
2015-10-09,539.8,144.2,105.0,68.7,93.2,30.8
2015-10-08,533.2,141.3,102.6,67.7,92.5,30.3
2015-10-07,541.9,144.8,103.8,66.3,92.4,29.8
2015-10-06,537.5,149.8,104.3,63.9,92.8,27.6
2015-10-05,543.7,149.6,103.8,63.9,94.0,28.2
2015-10-02,532.5,148.5,103.4,63.2,92.1,26.3
2015-10-01,520.7,137.5,102.7,58.9,91.0,24.7
2015-09-30,511.9,137.4,103.3,59.0,89.9,26.9
2015-09-29,496.1,136.7,102.2,57.8,86.7,25.6
2015-09-28,504.1,133.1,105.3,57.4,89.2,25.3
2015-09-25,524.2,134.3,107.5,59.2,92.8,25.3
2015-09-24,533.8,132.6,107.7,59.9,94.4,26.6
2015-09-23,536.1,132.4,107.1,60.0,94.0,26.8
2015-09-22,538.4,136.1,106.2,61.9,93.0,26.8
2015-09-21,548.4,140.8,107.9,63.9,95.6,27.4
2015-09-18,540.3,142.6,106.3,65.8,94.4,28.0
2015-09-17,538.9,147.1,106.7,66.0,94.3,27.4
2015-09-16,527.4,150.4,109.1,67.2,93.4,27.8
2015-09-15,522.4,141.4,108.9,64.8,92.9,27.2
2015-09-14,521.4,141.3,108.0,62.6,92.3,26.9
2015-09-11,529.4,144.0,107.0,64.6,92.0,27.4
2015-09-10,522.2,146.8,105.5,63.8,92.0,27.7
2015-09-09,516.9,150.1,103.2,64.0,90.4,27.2
2015-09-08,517.5,148.2,105.2,60.9,89.5,27.2
2015-09-04,499.0,146.0,102.4,63.9,88.3,28.2
2015-09-03,504.7,149.1,103.4,66.5,88.2,28.3
2015-09-02,510.6,148.2,105.2,65.5,89.9,27.8
2015-09-01,496.5,143.6,100.9,64.8,87.2,27.0
2015-08-31,512.9,147.2,105.6,66.1,89.4,27.8
2015-08-28,518.0,152.1,106.1,70.1,91.0,26.8
2015-08-27,518.4,152.1,105.8,70.8,89.7,26.5
2015-08-26,500.8,142.4,102.8,68.7,87.2,25.0
2015-08-25,466.4,137.0,97.2,68.6,83.0,24.4
2015-08-24,463.4,141.1,96.6,65.8,82.1,25.2
2015-08-21,494.5,152.9,99.1,68.2,86.1,25.9
2015-08-20,515.8,157.4,105.5,70.3,90.6,26.0
2015-08-19,532.9,162.9,107.7,73.1,95.3,27.6
2015-08-18,535.0,166.1,109.1,73.9,95.2,28.3
2015-08-17,535.2,167.4,109.8,75.2,93.9,29.1
2015-08-14,531.5,164.2,108.6,74.8,94.4,29.1
2015-08-13,529.7,160.9,107.9,75.1,93.4,28.5
2015-08-12,525.9,160.8,108.0,73.4,94.2,29.4
2015-08-11,527.5,167.9,106.3,77.3,93.6,29.6
2015-08-10,524.0,176.8,112.2,80.5,94.2,29.5
2015-08-07,522.6,176.1,108.2,78.8,94.3,27.0
2015-08-06,529.5,174.5,107.9,79.0,95.1,27.5
2015-08-05,537.0,172.7,107.6,79.8,96.4,28.5
2015-08-04,531.9,170.3,106.9,78.9,94.1,29.3
2015-08-03,535.0,169.1,110.5,78.0,94.1,29.3
2015-07-31,536.2,172.7,113.1,78.3,94.0,31.0
2015-07-30,536.8,174.5,114.1,80.0,95.2,31.5
2015-07-29,529.0,170.0,114.7,80.3,97.0,31.2
2015-07-28,526.0,168.0,115.1,80.6,95.3,36.5
2015-07-27,531.4,197.7,114.5,81.4,94.2,34.7
2015-07-24,529.4,206.2,116.1,83.0,97.0,35.4
2015-07-23,482.2,207.6,116.7,83.9,95.4,36.2
2015-07-22,488.3,205.7,116.8,84.2,97.0,36.1
2015-07-21,488.0,202.4,121.9,82.5,98.4,36.6
2015-07-20,488.1,199.6,123.2,82.7,97.9,35.8
2015-07-17,483.0,198.4,120.9,83.4,95.0,35.7
2015-07-16,475.5,190.1,119.8,81.5,90.8,36.1
2015-07-15,461.2,186.6,118.3,80.7,89.8,35.7
2015-07-14,465.6,191.3,117.1,81.5,89.7,36.7
2015-07-13,455.6,193.3,117.2,81.9,90.1,35.8
2015-07-10,443.5,187.8,115.0,80.3,88.0,34.9
2015-07-09,434.4,187.6,112.0,79.0,85.9,34.4
2015-07-08,429.7,184.6,114.3,77.9,85.6,34.8
2015-07-07,436.7,187.5,117.2,79.6,87.2,35.5
2015-07-06,436.0,189.0,117.5,80.2,87.6,35.4
2015-07-02,437.7,197.0,117.9,82.1,87.3,35.7
2015-07-01,437.4,198.7,118.1,82.5,86.9,35.4
2015-06-30,434.1,199.1,117.0,82.3,85.8,36.2
2015-06-29,429.9,200.5,116.1,81.1,85.8,34.2
2015-06-26,438.1,203.4,118.2,83.3,88.0,35.3
2015-06-25,440.1,207.6,118.9,85.2,88.0,35.2
2015-06-24,440.8,210.3,119.5,85.2,88.9,35.2
2015-06-23,446.0,212.0,118.5,85.1,87.9,35.4
2015-06-22,436.3,209.6,119.0,85.7,84.7,35.6
2015-06-19,434.9,210.9,118.1,85.7,82.5,35.9
2015-06-18,439.4,210.7,119.3,86.8,82.9,34.7
2015-06-17,427.8,209.5,118.7,86.8,81.8,34.7
2015-06-16,427.3,205.0,119.0,86.1,81.1,34.8
2015-06-15,423.7,205.7,118.4,86.1,80.7,34.7
2015-06-12,429.9,207.6,118.6,86.6,81.5,35.9
2015-06-11,433.0,206.8,119.9,87.2,81.8,35.8
2015-06-10,430.8,204.6,120.2,88.9,82.2,35.8
2015-06-09,425.5,202.6,118.8,87.6,80.7,35.9
2015-06-08,423.5,203.2,119.2,88.3,80.7,36.5
2015-06-05,427.0,205.9,120.0,90.7,82.1,37.0
2015-06-04,430.8,204.3,120.6,90.6,82.0,36.7
2015-06-03,436.6,203.9,121.4,90.8,82.4,37.0
2015-06-02,431.0,203.4,121.2,90.5,80.4,36.4
2015-06-01,430.9,201.6,121.7,90.8,80.3,36.6
2015-05-29,429.2,197.4,121.5,89.3,79.2,36.7
2015-05-28,426.6,200.3,122.9,91.0,80.1,36.8
2015-05-27,431.4,201.4,123.1,92.6,80.6,36.4
2015-05-26,425.5,200.2,120.9,92.5,79.3,36.5
2015-05-22,427.6,203.8,123.6,93.3,80.5,36.6
2015-05-21,431.6,200.1,122.5,93.9,80.5,36.7
2015-05-20,423.9,195.5,121.3,90.7,80.6,36.8
2015-05-19,421.7,193.1,121.3,88.2,80.6,37.5
2015-05-18,425.2,191.3,121.4,87.1,80.9,37.3
2015-05-15,426.0,193.0,120.1,88.5,80.4,37.1
2015-05-14,432.3,190.3,120.3,88.4,81.4,37.3
2015-05-13,426.9,189.2,117.5,87.5,78.4,37.7
2015-05-12,431.0,190.0,117.4,86.8,77.5,37.5
2015-05-11,432.8,190.8,117.8,86.7,78.0,37.3
2015-05-08,433.7,193.5,119.0,87.1,78.5,37.6
2015-05-07,426.9,193.6,116.8,86.0,78.4,37.7
2015-05-06,419.1,190.0,116.1,80.0,78.1,37.3
2015-05-05,421.2,194.7,116.8,79.5,77.6,37.4
2015-05-04,423.0,203.7,119.5,80.6,78.8,37.9
2015-05-01,422.9,202.5,119.8,81.2,79.0,37.8
2015-04-30,421.8,200.3,116.2,81.3,78.8,39.0
2015-04-29,429.4,219.0,119.5,82.4,80.5,38.5
2015-04-28,429.3,219.2,121.3,85.1,80.7,42.3
2015-04-27,438.6,220.5,123.2,84.9,81.9,51.7
2015-04-24,445.1,216.9,121.0,84.6,81.5,50.8
2015-04-23,390.0,212.3,120.4,82.3,82.4,51.4
2015-04-22,389.8,213.4,119.5,82.0,84.6,51.7
2015-04-21,391.2,212.8,117.9,82.4,83.6,51.3
2015-04-20,389.5,211.9,118.5,82.2,83.1,51.4
2015-04-17,375.6,207.9,115.9,81.9,80.8,50.7
2015-04-16,386.0,206.9,117.2,84.1,82.3,52.0
2015-04-15,383.4,210.8,117.7,84.7,82.7,51.3
2015-04-14,385.1,213.9,117.3,85.0,83.5,51.2
2015-04-13,382.4,215.4,117.8,84.3,83.0,51.6
2015-04-10,382.6,214.8,118.0,84.6,82.0,51.9
2015-04-09,383.5,218.5,117.5,86.1,82.2,52.2
2015-04-08,381.2,212.8,116.6,85.4,82.3,52.3
2015-04-07,374.4,203.9,117.0,82.2,82.3,52.9
2015-04-06,377.0,203.6,118.3,81.8,82.4,50.8
2015-04-02,372.2,208.5,116.4,82.3,81.6,50.4
2015-04-01,370.3,211.1,115.4,82.4,81.7,50.5
2015-03-31,372.1,208.4,115.6,83.2,82.2,50.1
2015-03-30,374.6,210.5,117.4,83.9,83.2,49.9
2015-03-27,370.6,207.3,114.5,84.6,83.3,50.0
2015-03-26,367.4,205.4,115.4,84.2,83.0,49.9
2015-03-25,371.0,207.7,114.6,83.8,82.9,49.5
2015-03-24,374.1,213.6,117.7,83.6,85.3,51.5
2015-03-23,375.1,216.8,118.1,84.2,84.4,48.5
2015-03-20,378.5,212.7,116.9,85.2,83.8,48.4
2015-03-19,373.2,214.6,118.4,85.7,82.8,47.9
2015-03-18,375.1,211.0,119.3,84.6,80.9,47.2
2015-03-17,371.9,203.3,118.0,84.5,79.4,46.9
2015-03-16,373.4,205.3,116.0,84.0,78.1,46.4
2015-03-13,370.6,204.4,114.8,81.9,78.0,46.7
2015-03-12,374.2,203.4,115.6,81.9,78.9,47.1
2015-03-11,366.4,204.4,113.5,82.0,77.6,46.3
2015-03-10,369.5,210.4,115.6,83.0,77.6,45.8
2015-03-09,378.6,211.6,118.1,82.5,79.4,47.6
2015-03-06,380.1,213.3,117.6,84.4,80.0,46.8
2015-03-05,387.8,214.2,117.4,86.1,81.2,47.4
2015-03-04,382.7,207.7,119.4,85.5,80.9,47.6
2015-03-03,384.6,206.3,120.1,81.6,79.6,47.7
2015-03-02,385.7,205.0,119.9,84.0,79.8,48.2
2015-02-27,380.2,203.8,119.3,85.1,79.0,48.1
2015-02-26,384.8,205.9,121.1,85.4,80.4,49.4
2015-02-25,385.4,203.5,119.6,86.2,79.6,48.6
2015-02-24,378.6,208.1,122.7,84.7,78.4,48.7
2015-02-23,380.1,206.4,123.5,85.5,78.8,48.5
2015-02-20,383.7,209.6,120.3,86.6,79.9,49.1
2015-02-19,379.0,207.2,119.3,86.9,79.4,48.7
2015-02-18,373.4,207.2,119.5,86.7,76.7,47.8
2015-02-17,375.4,208.8,118.7,86.8,75.6,48.0
2015-02-13,381.8,212.1,118.0,89.0,75.7,48.5
2015-02-12,377.2,205.0,117.4,87.1,76.2,48.0
2015-02-11,375.1,214.7,116.0,86.0,76.5,47.5
2015-02-10,373.0,219.4,113.3,87.3,75.2,46.3
2015-02-09,370.6,215.0,111.2,86.0,74.4,47.3
2015-02-06,374.3,211.8,110.5,85.7,74.5,48.0
2015-02-05,373.9,216.8,111.4,87.0,75.6,41.3
2015-02-04,364.8,217.2,110.6,90.0,75.6,40.7
2015-02-03,363.6,217.2,109.8,90.6,75.4,39.8
2015-02-02,364.5,217.6,109.7,90.1,75.0,37.5
2015-01-30,354.5,217.9,108.4,89.1,75.9,37.5
2015-01-29,311.8,220.4,110.0,89.8,78.0,36.7
2015-01-28,303.9,220.3,106.7,98.4,76.2,37.2
2015-01-27,306.8,227.5,101.0,102.9,75.8,38.9
2015-01-26,309.7,229.5,104.6,104.0,77.5,40.1
2015-01-23,312.4,233.3,104.5,103.1,77.8,39.4
2015-01-22,310.3,229.9,104.0,104.0,77.6,39.1
2015-01-21,297.2,228.3,101.3,103.3,76.7,37.8
2015-01-20,289.4,220.4,100.6,100.0,76.2,37.6
2015-01-16,290.7,220.2,98.0,96.9,75.2,37.3
2015-01-15,287.0,216.0,98.8,96.3,74.0,36.9
2015-01-14,293.3,216.8,101.6,99.6,76.3,39.8
2015-01-13,294.7,219.6,102.0,100.8,76.4,39.6
2015-01-12,291.4,220.9,101.1,101.6,76.7,39.4
2015-01-09,296.9,226.9,103.6,103.0,77.7,40.2
2015-01-08,300.5,229.2,103.5,105.0,78.2,39.1
2015-01-07,298.4,224.4,99.7,102.1,76.2,37.3
2015-01-06,295.3,220.2,98.3,103.3,76.2,38.8
2015-01-05,302.2,219.8,98.3,101.0,77.2,36.4
2015-01-02,308.5,223.1,101.1,103.6,78.4,36.6
2014-12-31,310.4,228.0,102.1,103.9,78.0,35.9
2014-12-30,310.3,230.0,104.1,105.8,79.2,35.9
2014-12-29,312.0,230.2,105.4,106.0,80.0,36.4
2014-12-26,309.1,234.9,105.4,106.0,80.8,37.6
2014-12-24,303.0,231.0,103.6,106.0,80.8,37.6
2014-12-23,306.3,233.2,104.1,105.5,80.6,37.6
2014-12-22,306.5,234.6,104.5,108.8,81.4,38.4
2014-12-19,299.9,234.2,103.4,110.6,79.9,37.1
2014-12-18,297.7,231.9,104.2,109.2,78.4,36.7
2014-12-17,298.9,223.8,101.2,109.0,76.1,35.6
2014-12-16,295.1,220.0,98.7,105.8,74.7,35.1
2014-12-15,306.1,225.8,100.1,104.7,77.0,36.8
2014-12-12,307.3,229.3,101.5,105.1,77.8,37.1
2014-12-11,307.4,229.2,103.3,105.0,77.7,36.7
2014-12-10,305.8,225.1,103.6,103.9,76.2,36.4
2014-12-09,312.5,229.9,105.6,107.5,76.8,37.0
2014-12-08,306.6,227.7,104.0,105.1,76.5,36.3
2014-12-05,312.6,232.7,106.4,107.9,76.4,38.5
2014-12-04,316.9,230.8,106.8,109.2,75.2,38.8
2014-12-03,316.5,231.3,107.2,110.6,74.9,39.1
2014-12-02,326.3,234.7,106.0,109.9,75.5,38.9
2014-12-01,326.0,236.6,106.4,106.0,75.1,39.0
2014-11-28,338.6,245.1,110.0,111.6,77.7,41.7
2014-11-26,333.6,246.0,110.1,112.7,77.6,41.1
2014-11-25,335.0,244.3,108.8,113.5,75.6,39.8
2014-11-24,335.6,243.9,109.7,113.9,74.0,40.2
2014-11-21,332.6,245.3,107.7,110.7,73.8,40.0
2014-11-20,330.5,238.4,107.6,109.8,73.6,39.8
2014-11-19,326.5,240.4,106.1,108.8,73.3,39.7
2014-11-18,324.9,242.8,106.8,110.8,74.3,40.6
2014-11-17,323.0,244.2,105.4,114.2,74.2,40.5
2014-11-14,327.8,249.7,105.6,115.1,74.9,41.8
2014-11-13,316.5,244.1,104.4,114.8,74.2,40.0
2014-11-12,311.5,249.8,102.9,118.2,74.7,42.5
2014-11-11,312.0,250.3,101.5,114.5,74.6,39.6
2014-11-10,305.1,247.6,100.7,119.2,75.0,39.6
2014-11-07,299.9,236.5,100.8,114.6,75.6,40.3
2014-11-06,296.6,236.9,100.6,111.6,75.3,40.8
2014-11-05,296.5,237.7,100.3,108.7,74.8,40.4
2014-11-04,302.8,242.0,100.0,106.1,75.8,40.9
2014-11-03,305.7,236.5,100.8,101.8,73.9,40.2
2014-10-31,305.5,238.8,99.5,98.6,75.0,41.5
2014-10-30,299.1,237.0,98.5,98.7,74.1,41.8
2014-10-29,294.1,224.6,98.9,98.3,75.9,42.1
2014-10-28,295.6,229.0,98.3,99.7,80.8,43.8
2014-10-27,290.0,219.9,96.8,97.8,80.3,48.6
2014-10-24,287.1,222.6,96.9,95.8,80.7,50.0
2014-10-23,313.2,217.0,96.6,94.4,80.0,49.7
2014-10-22,313.0,219.3,94.9,91.6,78.4,49.1
2014-10-21,315.3,222.4,94.4,90.9,78.7,50.6
2014-10-20,306.2,216.6,91.9,88.3,77.0,50.7
2014-10-17,303.6,211.7,90.0,87.9,76.0,48.8
2014-10-16,302.9,211.2,88.7,88.8,72.6,48.2
2014-10-15,306.0,205.7,89.8,85.6,73.2,50.0
2014-10-14,308.3,199.1,91.0,85.0,73.6,48.6
2014-10-13,306.4,199.7,91.9,85.1,73.0,48.5
2014-10-10,311.4,203.4,92.8,85.9,72.9,50.4
2014-10-09,315.4,213.0,93.0,88.8,75.9,55.3
2014-10-08,322.7,217.5,92.8,88.3,77.5,55.4
2014-10-07,317.0,215.6,91.0,87.7,76.3,53.5
2014-10-06,322.2,217.2,91.8,88.3,77.6,53.5
2014-10-03,322.7,216.4,91.8,88.1,77.4,53.9
2014-10-02,318.4,214.8,92.0,87.1,77.1,51.8
2014-10-01,317.5,212.0,91.4,86.1,76.6,50.1
2014-09-30,322.4,218.2,92.8,88.8,79.0,51.6
2014-09-29,321.8,220.5,92.2,88.8,79.0,51.7
2014-09-26,323.2,219.0,92.8,90.5,78.8,51.9
2014-09-25,321.9,217.6,90.1,88.9,77.2,51.4
2014-09-24,328.2,222.0,93.7,90.6,78.5,53.0
2014-09-23,323.6,214.8,94.5,87.2,78.3,52.2
2014-09-22,324.5,214.9,93.1,89.9,76.8,51.9
2014-09-19,331.3,224.9,93.0,93.9,77.9,53.0
2014-09-18,325.0,228.4,93.8,,77.0,50.9
2014-09-17,324.0,219.1,93.6,,76.4,50.7
2014-09-16,327.8,215.6,92.9,,76.1,50.8
2014-09-15,323.9,210.7,93.6,,74.6,49.4
2014-09-12,331.2,218.0,93.6,,77.5,52.1
2014-09-11,330.5,220.0,93.4,,77.9,52.6
2014-09-10,331.3,220.7,93.0,,77.4,52.9
2014-09-09,329.8,221.2,90.3,,76.7,50.6
2014-09-08,342.3,225.5,90.6,,77.9,52.0
2014-09-05,346.4,226.7,91.2,,77.3,50.7
2014-09-04,346.0,224.2,90.4,,76.0,50.2
2014-09-03,339.0,227.4,91.1,,75.8,49.3
2014-09-02,342.4,224.8,95.1,,76.7,51.0
2014-08-29,339.0,214.5,94.4,,74.8,49.8
2014-08-28,340.0,213.8,94.2,,73.9,49.4
2014-08-27,343.2,215.5,94.1,,74.6,48.1
2014-08-26,341.8,216.1,92.9,,76.0,48.2
2014-08-25,334.0,216.8,93.5,,75.0,46.1
2014-08-22,331.6,214.2,93.3,,74.6,46.0
2014-08-21,332.9,216.8,92.6,,74.6,45.1
2014-08-20,335.8,219.0,92.6,,74.8,45.1
2014-08-19,335.1,218.2,92.6,,75.3,45.1
2014-08-18,334.5,219.2,91.3,,74.6,45.1
2014-08-15,333.6,218.8,90.2,,73.6,44.8
2014-08-14,333.2,219.6,89.8,,74.3,45.3
2014-08-13,326.3,218.6,89.6,,73.8,44.2
2014-08-12,319.3,216.2,88.4,,72.8,43.8
2014-08-11,318.3,218.0,88.4,,73.4,43.3
2014-08-08,316.8,215.1,87.3,,73.1,43.1
2014-08-07,311.4,213.5,87.0,,73.2,43.0
2014-08-06,313.9,215.1,87.0,,72.5,43.5
2014-08-05,312.3,215.6,87.2,,72.7,43.8
2014-08-04,313.6,218.9,87.6,,73.5,43.5
2014-08-01,307.1,212.4,88.1,,72.4,44.1
2014-07-31,313.0,216.0,87.6,,72.6,45.2
2014-07-30,322.5,219.1,90.0,,74.7,46.3
2014-07-29,320.0,220.0,90.2,,73.7,38.6
2014-07-28,320.4,225.8,90.8,,74.9,37.9
2014-07-25,324.0,226.5,89.5,,75.2,38.2
2014-07-24,358.6,204.3,88.9,,75.0,38.7
2014-07-23,358.1,200.1,89.1,,71.3,37.8
2014-07-22,360.8,198.4,86.8,,69.3,37.6
2014-07-21,359.8,197.7,86.1,,69.4,38.0
2014-07-18,358.7,191.2,86.5,,68.4,37.0
2014-07-17,352.5,186.9,85.3,,66.4,36.9
2014-07-16,355.9,189.4,86.9,,67.7,37.4
2014-07-15,354.4,189.9,87.4,,67.2,37.9
2014-07-14,355.3,188.5,88.4,,67.9,38.3
2014-07-11,346.2,186.1,87.3,,66.3,38.3
2014-07-10,327.9,183.3,87.1,,64.9,37.8
2014-07-09,330.0,184.9,87.4,,65.0,38.1
2014-07-08,323.8,182.3,87.4,,62.8,37.4
2014-07-07,333.6,188.0,88.0,,65.3,40.2
2014-07-03,337.5,191.2,86.2,,66.3,41.3
2014-07-02,332.8,190.0,85.7,,66.4,41.8
2014-07-01,332.4,191.3,85.7,,68.1,42.0
2014-06-30,324.8,186.8,85.2,,67.3,41.0
2014-06-27,324.6,185.0,84.3,,67.6,40.9
2014-06-26,325.7,183.7,83.3,,67.1,41.4
2014-06-25,327.4,184.5,82.8,,67.4,39.5
2014-06-24,324.2,181.2,82.7,,65.7,38.5
2014-06-23,327.2,177.5,83.2,,65.4,39.5
2014-06-20,324.2,174.5,83.3,,64.5,39.2
2014-06-19,327.0,174.4,84.2,,64.3,38.9
2014-06-18,334.4,176.7,84.5,,65.6,38.7
2014-06-17,325.6,178.2,84.4,,64.4,38.0
2014-06-16,327.6,176.9,84.5,,64.2,38.0
2014-06-13,326.3,178.0,83.7,,64.5,36.9
